id,name,slug,state,createdOn,lastPublished,has_content
66ad3c63d80508f5822c0c44,Abbeville,abbeville,Georgia,2024-08-02T20:06:59.548Z,,False
66ad3c5c27a9893d4666bf61,Adairsville,adairsville,Georgia,2024-08-02T20:06:52.120Z,,False
66ad3c7603a96fd398e1f009,Adrian,adrian,Georgia,2024-08-02T20:07:18.385Z,,False
66ad3c77c7331652560334ae,Ailey,ailey,Georgia,2024-08-02T20:07:19.360Z,,False
66ad3c614baf0cfaa15fcbcc,Alamo,alamo,Georgia,2024-08-02T20:06:57.322Z,,False
66ad3c776bdb8177169fbce5,Alapaha,alapaha,Georgia,2024-08-02T20:07:19.197Z,,False
66ad3c789dd5d8624cdfcb4a,Allenhurst,allenhurst-1d31f,Georgia,2024-08-02T20:07:20.736Z,,False
66ad3c6cf5ebefd3fb95e558,Alto,alto,Georgia,2024-08-02T20:07:08.142Z,,False
66ad3c766bdb8177169fbc6d,Antioch,antioch,Georgia,2024-08-02T20:07:18.791Z,,False
66ad3c74b1e739f1dd07be12,Appling,appling,Georgia,2024-08-02T20:07:16.771Z,,False
66ad3c75ed5e6fb71ac356d0,Arabi,arabi,Georgia,2024-08-02T20:07:17.491Z,,False
66ad3c6a1bb9f765b7bd4dbb,Aragon,aragon,Georgia,2024-08-02T20:07:06.167Z,,False
66ad3c691bb9f765b7bd4d84,Arcade,arcade,Georgia,2024-08-02T20:07:05.872Z,,False
66ad3c796a546a67c83f572c,Argyle,argyle,Georgia,2024-08-02T20:07:21.122Z,,False
66ad3c6e397285c9367312e2,Arlington,arlington,Georgia,2024-08-02T20:07:10.324Z,,False
66ad3c7918abfa837df00c9b,Arnoldsville,arnoldsville,Georgia,2024-08-02T20:07:21.567Z,,False
66ad3c5ddc5ee071e24a3eef,Ashburn,ashburn,Georgia,2024-08-02T20:06:53.535Z,,False
66ad3c74e26979851e6b1fd6,Attapulgus,attapulgus,Georgia,2024-08-02T20:07:16.636Z,,False
66ad3c59f08c1c4dd07b94b0,Auburn,auburn,Georgia,2024-08-02T20:06:49.319Z,,False
66ad3c59ae33e71b5e733905,Austell,austell,Georgia,2024-08-02T20:06:49.003Z,,False
66ad3c5ffcc0eb28f2e15b79,Avondale Estates,avondale-estates,Georgia,2024-08-02T20:06:55.939Z,,False
66ad3c7103a96fd398e1eda5,Baconton,baconton,Georgia,2024-08-02T20:07:13.064Z,,False
66ad3c5e18abfa837deff8bd,Baldwin,baldwin,Georgia,2024-08-02T20:06:54.618Z,,False
66ad3c64ffa1dfaba5614935,Ball Ground,ball-ground,Georgia,2024-08-02T20:07:00.815Z,,False
66ad3c5aa7ef74e33c936311,Barnesville,barnesville,Georgia,2024-08-02T20:06:50.615Z,,False
66ad3c55f08c1c4dd07b8e82,Belvedere Park,belvedere-park,Georgia,2024-08-02T20:06:45.447Z,,False
66ad3c585098f548b709e828,Bemiss,bemiss,Georgia,2024-08-02T20:06:48.435Z,,False
66ad3c655bc14c1156328cfe,Berkeley Lake,berkeley-lake,Georgia,2024-08-02T20:07:01.080Z,,False
66ad3c732c0248af519e9b82,Berlin,berlin-9993a,Georgia,2024-08-02T20:07:15.776Z,,False
66ad3c6a427c1fb0d71b36fb,Berry College,berry-college,Georgia,2024-08-02T20:07:06.370Z,,False
66ad3c7616211a93fa30b2d7,Bethlehem,bethlehem-75b32,Georgia,2024-08-02T20:07:18.963Z,,False
66ad3c79c82fabd0a4089201,Between,between,Georgia,2024-08-02T20:07:21.427Z,,False
66ad3c7afa1efcd2091fb716,Bishop,bishop,Georgia,2024-08-02T20:07:22.479Z,,False
66ad3c74dd62e6a60e44c660,Blairsville,blairsville,Georgia,2024-08-02T20:07:16.134Z,,False
66ad3c62f1b824d2e55486c9,Bloomingdale,bloomingdale-794f7,Georgia,2024-08-02T20:06:58.707Z,,False
66ad3c6cb672c190d9109472,Blue Ridge,blue-ridge,Georgia,2024-08-02T20:07:08.007Z,,False
66ad3c6c687a94f0f681ad49,Bogart,bogart,Georgia,2024-08-02T20:07:08.745Z,,False
66ad3c5e12fe4164e16cfc4a,Bonanza,bonanza,Georgia,2024-08-02T20:06:54.950Z,,False
66ad3c6ee1960993c5dd1ee2,Boston,boston,Georgia,2024-08-02T20:07:10.892Z,,False
66ad3c64e79f67571c0a46d1,Bowdon,bowdon,Georgia,2024-08-02T20:07:00.822Z,,False
66ad3c7a2bd09b9e94b72e95,Bowersville,bowersville,Georgia,2024-08-02T20:07:22.041Z,,False
66ad3c72c46f12a175d2add8,Bowman,bowman,Georgia,2024-08-02T20:07:14.478Z,,False
66ad3c56e1db3d28a4449969,Braselton,braselton,Georgia,2024-08-02T20:06:46.259Z,,False
66ad3c5941511bff21922adc,Bremen,bremen,Georgia,2024-08-02T20:06:49.671Z,,False
66ad3c6b16211a93fa30aa2c,Brooklet,brooklet,Georgia,2024-08-02T20:07:07.336Z,,False
66ad3c74ffa1dfaba5615813,Brooks,brooks,Georgia,2024-08-02T20:07:16.428Z,,False
66ad3c6ff08c1c4dd07ba022,Broxton,broxton,Georgia,2024-08-02T20:07:11.326Z,,False
66ad3c6cf64da5ce9e4ca82f,Buchanan,buchanan,Georgia,2024-08-02T20:07:08.959Z,,False
66ad3c5cfa1efcd2091fa7a1,Buckhead,buckhead,Georgia,2024-08-02T20:06:52.346Z,,False
66ad3c68ae0e8ff8a4861099,Buena Vista,buena-vista-53813,Georgia,2024-08-02T20:07:04.870Z,,False
66ad3c68811d3428052c1a12,Butler,butler-96fe7,Georgia,2024-08-02T20:07:04.627Z,,False
66ad3c777382f042ca542d67,Byromville,byromville,Georgia,2024-08-02T20:07:19.322Z,,False
66ad3c5a921c8c113c3c2801,Byron,byron,Georgia,2024-08-02T20:06:50.822Z,,False
66ad3c76f08c1c4dd07ba538,Cadwell,cadwell,Georgia,2024-08-02T20:07:18.108Z,,False
66ad3c534fef8862e4cdddeb,Candler-McAfee,candler-mcafee,Georgia,2024-08-02T20:06:43.101Z,,False
66ad3c72ae33e71b5e73441c,Canon,canon,Georgia,2024-08-02T20:07:14.143Z,,False
66ad3c715098f548b709f688,Carnesville,carnesville,Georgia,2024-08-02T20:07:13.765Z,,False
66ad3c6918abfa837deffe62,Cataula,cataula,Georgia,2024-08-02T20:07:05.722Z,,False
66ad3c72e61b522e367372c9,Cave Spring,cave-spring,Georgia,2024-08-02T20:07:14.576Z,,False
66ad3c57d93f377ccfaceb62,Cedar,cedar,Georgia,2024-08-02T20:06:47.326Z,,False
66ad3c58ed29597b7b7826af,Centerville,centerville,Georgia,2024-08-02T20:06:48.854Z,,False
66ad3c79e1db3d28a444bb80,Centralhatchee,centralhatchee,Georgia,2024-08-02T20:07:21.233Z,,False
66ad3c5ce187c6decfadae78,Chatsworth,chatsworth,Georgia,2024-08-02T20:06:52.174Z,,False
66ad3c60ed5e6fb71ac346bc,Chattahoochee Hills,chattahoochee-hills,Georgia,2024-08-02T20:06:56.611Z,,False
66ad3c62be3ee5200f9fc8fb,Chattanooga Valley,chattanooga-valley,Georgia,2024-08-02T20:06:57.890Z,,False
66ad3c6aa2ac538098307951,Chester,chester-57b4d,Georgia,2024-08-02T20:07:06.316Z,,False
66ad3c62480ecdcbf3242ad5,Chickamauga,chickamauga,Georgia,2024-08-02T20:06:58.781Z,,False
66ad3c69c82fabd0a408839b,Clarkesville,clarkesville,Georgia,2024-08-02T20:07:05.162Z,,False
66ad3c558cdea0e07a944e47,Clarkston,clarkston,Georgia,2024-08-02T20:06:45.371Z,,False
66ad3c646a546a67c83f4ada,Claxton,claxton,Georgia,2024-08-02T20:07:00.167Z,,False
66ad3c66c9896978f7f41487,Clayton,clayton-b1cd0,Georgia,2024-08-02T20:07:02.522Z,,False
66ad3c6e921c8c113c3c369b,Clermont,clermont,Georgia,2024-08-02T20:07:10.971Z,,False
66ad3c7727a9893d4666d1c4,Cobb,cobb,Georgia,2024-08-02T20:07:19.832Z,,False
66ad3c5cf64fc2f8119e231c,Cochran,cochran,Georgia,2024-08-02T20:06:52.150Z,,False
66ad3c74f8f9bc841ff8c861,Cohutta,cohutta,Georgia,2024-08-02T20:07:16.209Z,,False
66ad3c76480ecdcbf3244c57,Colbert,colbert,Georgia,2024-08-02T20:07:18.855Z,,False
66ad3c76142cc8ce260201b7,Collins,collins,Georgia,2024-08-02T20:07:18.981Z,,False
66ad3c67e1960993c5dd1bb3,Colquitt,colquitt,Georgia,2024-08-02T20:07:03.807Z,,False
66ad3c6a4420825511b18d28,Comer,comer,Georgia,2024-08-02T20:07:06.138Z,,False
66ad3c59ee0035ecc53dafbd,Commerce,commerce,Georgia,2024-08-02T20:06:49.362Z,,False
66ad3c5a397285c936730725,Conley,conley,Georgia,2024-08-02T20:06:50.487Z,,False
66ad3c733cafb31b410da736,Coolidge,coolidge,Georgia,2024-08-02T20:07:15.632Z,,False
66ad3c58480ecdcbf3241ca7,Country Club Estates,country-club-estates,Georgia,2024-08-02T20:06:48.263Z,,False
66ad3c70c733165256033097,Crawford,crawford,Georgia,2024-08-02T20:07:12.370Z,,False
66ad3c77921c8c113c3c3cc4,Crawfordville,crawfordville,Georgia,2024-08-02T20:07:19.196Z,,False
66ad3c75397285c93673164b,Crescent,crescent,Georgia,2024-08-02T20:07:17.776Z,,False
66ad3c75fccb03394215d27d,Crooked Creek,crooked-creek,Georgia,2024-08-02T20:07:17.110Z,,False
66ad3c594906d585b7b9f566,Dacula,dacula,Georgia,2024-08-02T20:06:49.779Z,,False
66ad3c71ee0035ecc53dbbdd,Danielsville,danielsville,Georgia,2024-08-02T20:07:13.663Z,,False
66ad3c6cffa1dfaba5614caa,Darien,darien,Georgia,2024-08-02T20:07:08.803Z,,False
66ad3c6f75ff33f70e7c2b49,Dasher,dasher,Georgia,2024-08-02T20:07:11.623Z,,False
66ad3c6767e4c7ab704097c8,Davisboro,davisboro,Georgia,2024-08-02T20:07:03.092Z,,False
66ad3c75921c8c113c3c3c58,Dearing,dearing,Georgia,2024-08-02T20:07:17.884Z,,False
66ad3c67c9896978f7f41527,Deenwood,deenwood,Georgia,2024-08-02T20:07:03.540Z,,False
66ad3c667eb1007e1c277485,Demorest,demorest,Georgia,2024-08-02T20:07:02.143Z,,False
66ad3c6f2bd09b9e94b720de,Dexter,dexter,Georgia,2024-08-02T20:07:11.861Z,,False
66ad3c5827a9893d4666bdfb,Dock Junction,dock-junction,Georgia,2024-08-02T20:06:48.907Z,,False
66ad3c7230a48b91256bc467,Doerun,doerun,Georgia,2024-08-02T20:07:14.467Z,,False
66ad3c56389f8bdae000fd48,Doraville,doraville,Georgia,2024-08-02T20:06:46.868Z,,False
66ad3c58480ecdcbf3241cd6,Druid Hills,druid-hills,Georgia,2024-08-02T20:06:48.530Z,,False
66ad3c752c0248af519e9c48,Dudley,dudley,Georgia,2024-08-02T20:07:17.465Z,,False
66ad3c6c2ea4361dc21081d7,Dutch Island,dutch-island,Georgia,2024-08-02T20:07:08.667Z,,False
66ad3c632c0248af519e8a26,East Dublin,east-dublin,Georgia,2024-08-02T20:06:59.163Z,,False
66ad3c781bb9f765b7bd588b,East Ellijay,east-ellijay,Georgia,2024-08-02T20:07:20.565Z,,False
66ad3c6dae0e8ff8a486120c,East Griffin,east-griffin,Georgia,2024-08-02T20:07:09.295Z,,False
66ad3c72cc0e8fbc4d77cb72,East Newnan,east-newnan,Georgia,2024-08-02T20:07:14.157Z,,False
66ad3c5edd62e6a60e44a39e,Echols County,echols-county,Georgia,2024-08-02T20:06:54.654Z,,False
66ad3c6d03a96fd398e1e9ae,Edison,edison-2a9a6,Georgia,2024-08-02T20:07:09.145Z,,False
66ad3c5ce26979851e6b11a7,Elberton,elberton,Georgia,2024-08-02T20:06:52.506Z,,False
66ad3c6be1960993c5dd1d64,Ellaville,ellaville,Georgia,2024-08-02T20:07:07.427Z,,False
66ad3c70c46f12a175d2abfb,Ellerslie,ellerslie,Georgia,2024-08-02T20:07:12.123Z,,False
66ad3c6a142cc8ce2601fc97,Ellijay,ellijay,Georgia,2024-08-02T20:07:06.234Z,,False
66ad3c6b4906d585b7b9fe99,Emerson,emerson-c7e40,Georgia,2024-08-02T20:07:07.234Z,,False
66ad3c7941511bff21923ac1,Empire,empire,Georgia,2024-08-02T20:07:21.744Z,,False
66ad3c6c7382f042ca5427f5,Enigma,enigma,Georgia,2024-08-02T20:07:08.887Z,,False
66ad3c78c73316525603357c,Ephesus,ephesus,Georgia,2024-08-02T20:07:20.235Z,,False
66ad3c77f5ebefd3fb95ecdb,Epworth,epworth,Georgia,2024-08-02T20:07:19.531Z,,False
66ad3c6b6bdb8177169fb8af,Eton,eton,Georgia,2024-08-02T20:07:07.233Z,,False
66ad3c5dd93f377ccfacef21,Euharlee,euharlee,Georgia,2024-08-02T20:06:53.266Z,,False
66ad3c77e933b254c9c656b6,Eulonia,eulonia,Georgia,2024-08-02T20:07:19.800Z,,False
66ad3c64f5ebefd3fb95def9,Experiment,experiment,Georgia,2024-08-02T20:07:00.116Z,,False
66ad3c57d93f377ccfacebbf,Fair Oaks,fair-oaks,Georgia,2024-08-02T20:06:47.735Z,,False
66ad3c5add62e6a60e44a11f,Fairfield Plantation,fairfield-plantation,Georgia,2024-08-02T20:06:50.249Z,,False
66ad3c6de06c0b2220f1af89,Fairmount,fairmount,Georgia,2024-08-02T20:07:09.411Z,,False
66ad3c6ded5e6fb71ac35330,Fairplay,fairplay,Georgia,2024-08-02T20:07:09.713Z,,False
66ad3c5affa1dfaba5614419,Fairview,fairview-4bb64,Georgia,2024-08-02T20:06:50.901Z,,False
66ad3c7a18abfa837df00cea,Fargo,fargo,Georgia,2024-08-02T20:07:22.067Z,,False
66ad3c6d2ea4361dc21082f4,Flemington,flemington-824f0,Georgia,2024-08-02T20:07:09.740Z,,False
66ad3c6ea7ef74e33c93755a,Flovilla,flovilla,Georgia,2024-08-02T20:07:10.071Z,,False
66ad3c57e26979851e6b0dd0,Flowery Branch,flowery-branch,Georgia,2024-08-02T20:06:47.788Z,,False
66ad3c70dd62e6a60e44c447,Fort Gaines,fort-gaines,Georgia,2024-08-02T20:07:12.417Z,,False
66ad3c57e1db3d28a44499e4,Fort Oglethorpe,fort-oglethorpe,Georgia,2024-08-02T20:06:47.168Z,,False
66ad3c57d699a08450ce85ce,Fort Stewart,fort-stewart,Georgia,2024-08-02T20:06:47.841Z,,False
66ad3c58e61b522e36733c91,Fort Valley,fort-valley,Georgia,2024-08-02T20:06:48.827Z,,False
66ad3c71389f8bdae0011082,Franklin,franklin-66b19,Georgia,2024-08-02T20:07:13.556Z,,False
66ad3c6f15fb93b050ffdf87,Franklin Springs,franklin-springs,Georgia,2024-08-02T20:07:11.930Z,,False
66ad3c723cafb31b410da694,Funston,funston,Georgia,2024-08-02T20:07:14.819Z,,False
66ad3c57b4e1c70cac11ca92,Garden,garden,Georgia,2024-08-02T20:06:47.019Z,,False
66ad3c566a546a67c83f3b63,George,george,Georgia,2024-08-02T20:06:46.471Z,,False
66ad3c6767e4c7ab70409888,George-Quitman County,george-quitman-county,Georgia,2024-08-02T20:07:03.383Z,,False
66ad3c725bc14c1156329ed3,Gibson,gibson,Georgia,2024-08-02T20:07:14.242Z,,False
66ad3c5b6ff7161fa3d589e3,Glennville,glennville,Georgia,2024-08-02T20:06:51.340Z,,False
66ad3c74cc0e8fbc4d77ccca,Glenwood,glenwood,Georgia,2024-08-02T20:07:16.063Z,,False
66ad3c68427c1fb0d71b362c,Gordon,gordon,Georgia,2024-08-02T20:07:04.087Z,,False
66ad3c758cdea0e07a94630f,Graham,graham,Georgia,2024-08-02T20:07:17.186Z,,False
66ad3c619dd5d8624cdfbed5,Grantville,grantville,Georgia,2024-08-02T20:06:57.360Z,,False
66ad3c60a29ce227f56e601f,Gray,gray,Georgia,2024-08-02T20:06:56.298Z,,False
66ad3c5cc9896978f7f40da5,Grayson,grayson,Georgia,2024-08-02T20:06:52.776Z,,False
66ad3c5fe61b522e36735c30,Greensboro,greensboro,Georgia,2024-08-02T20:06:55.260Z,,False
66ad3c6ff1b824d2e5548d81,Greenville,greenville,Georgia,2024-08-02T20:07:11.227Z,,False
66ad3c592c0248af519e854b,Gresham Park,gresham-park,Georgia,2024-08-02T20:06:49.255Z,,False
66ad3c54e06c0b2220f1a0ca,Grove,grove,Georgia,2024-08-02T20:06:44.701Z,,False
66ad3c75f1b824d2e55490b1,Gumbranch,gumbranch,Georgia,2024-08-02T20:07:17.980Z,,False
66ad3c6767e4c7ab704097b9,Gumlog,gumlog,Georgia,2024-08-02T20:07:03.042Z,,False
66ad3c65921c8c113c3c321a,Guyton,guyton,Georgia,2024-08-02T20:07:01.431Z,,False
66ad3c6b2e6c3bb4992088c9,Hagan,hagan,Georgia,2024-08-02T20:07:07.727Z,,False
66ad3c60db01484a9f4a01b1,Hahira,hahira,Georgia,2024-08-02T20:06:56.372Z,,False
66ad3c695bc14c1156329224,Hamilton,hamilton-d70f8,Georgia,2024-08-02T20:07:05.185Z,,False
66ad3c58397285c93673061d,Hampton,hampton-e924e,Georgia,2024-08-02T20:06:48.631Z,,False
66ad3c5fffa1dfaba56146cc,Hannahs Mill,hannahs-mill,Georgia,2024-08-02T20:06:55.057Z,,False
66ad3c5ab4e1c70cac11cc07,Hapeville,hapeville,Georgia,2024-08-02T20:06:50.140Z,,False
66ad3c61ed5e6fb71ac3475f,Hardwick,hardwick-e65c5,Georgia,2024-08-02T20:06:57.116Z,,False
66ad3c5e27a9893d4666c0d0,Harlem,harlem,Georgia,2024-08-02T20:06:54.891Z,,False
66ad3c794baf0cfaa15fda0a,Helen,helen,Georgia,2024-08-02T20:07:21.365Z,,False
66ad3c62c9896978f7f412be,Henderson,henderson,Georgia,2024-08-02T20:06:58.410Z,,False
66ad3c5e2e6c3bb499208249,Heron Bay,heron-bay,Georgia,2024-08-02T20:06:54.128Z,,False
66ad3c6eee0035ecc53dba36,Hiawassee,hiawassee,Georgia,2024-08-02T20:07:10.497Z,,False
66ad3c5bc82fabd0a4087c2e,Hiram,hiram,Georgia,2024-08-02T20:06:51.989Z,,False
66ad3c72ad3310e83b14205d,Hoboken,hoboken-b310c,Georgia,2024-08-02T20:07:14.774Z,,False
66ad3c6030a48b91256bbaa6,Hogansville,hogansville,Georgia,2024-08-02T20:06:56.894Z,,False
66ad3c54a2ac538098306a66,Holly Springs,holly-springs,Georgia,2024-08-02T20:06:44.556Z,,False
66ad3c6e427c1fb0d71b3997,Homeland,homeland,Georgia,2024-08-02T20:07:10.516Z,,False
66ad3c6a16211a93fa30a9c9,Homer,homer,Georgia,2024-08-02T20:07:06.989Z,,False
66ad3c615098f548b709ecd5,Hoschton,hoschton,Georgia,2024-08-02T20:06:57.789Z,,False
66ad3c76f64da5ce9e4cabef,Ideal,ideal,Georgia,2024-08-02T20:07:18.288Z,,False
66ad3c6875ff33f70e7c2853,Indian Springs,indian-springs,Georgia,2024-08-02T20:07:04.909Z,,False
66ad3c78fccb03394215d7ab,Irwinton,irwinton,Georgia,2024-08-02T20:07:20.219Z,,False
66ad3c67921c8c113c3c32bf,Isle of Hope,isle-of-hope,Georgia,2024-08-02T20:07:03.470Z,,False
66ad3c6f778ad8f60a41887d,Ivey,ivey,Georgia,2024-08-02T20:07:11.688Z,,False
66ad3c5d5bc14c1156328581,Jasper,jasper,Georgia,2024-08-02T20:06:53.565Z,,False
66ad3c7015fb93b050ffe007,Jeffersonville,jeffersonville,Georgia,2024-08-02T20:07:12.771Z,,False
66ad3c71c46f12a175d2ac73,Jekyll Island,jekyll-island,Georgia,2024-08-02T20:07:13.453Z,,False
66ad3c5d16211a93fa309f70,Jonesboro,jonesboro,Georgia,2024-08-02T20:06:53.297Z,,False
66ad3c6303a96fd398e1e5eb,Kennesaw State University,kennesaw-state-university,Georgia,2024-08-02T20:06:59.795Z,,False
66ad3c657eb1007e1c2773f7,Kings Bay Base,kings-bay-base,Georgia,2024-08-02T20:07:01.321Z,,False
66ad3c73b672c190d910977e,Kingston,kingston,Georgia,2024-08-02T20:07:15.655Z,,False
66ad3c6341511bff21922e09,Lake,lake,Georgia,2024-08-02T20:06:59.132Z,,False
66ad3c714fef8862e4cdf1e1,Lake Park,lake-park,Georgia,2024-08-02T20:07:12.859Z,,False
66ad3c5cc9896978f7f40d6e,Lakeview,lakeview,Georgia,2024-08-02T20:06:52.463Z,,False
66ad3c63e1db3d28a444a322,Lakeview Estates,lakeview-estates,Georgia,2024-08-02T20:06:59.598Z,,False
66ad3c66e61b522e36735fae,Lavonia,lavonia,Georgia,2024-08-02T20:07:01.767Z,,False
66ad3c60e61b522e36735d08,Leesburg,leesburg,Georgia,2024-08-02T20:06:56.171Z,,False
66ad3c724420825511b195ae,Lenox,lenox,Georgia,2024-08-02T20:07:14.608Z,,False
66ad3c78f5ebefd3fb95edcb,Leslie,leslie,Georgia,2024-08-02T20:07:20.763Z,,False
66ad3c55e79f67571c0a3e10,Lilburn,lilburn,Georgia,2024-08-02T20:06:45.278Z,,False
66ad3c742c0248af519e9bba,Lincoln Park,lincoln-park-378bb,Georgia,2024-08-02T20:07:16.094Z,,False
66ad3c692bd09b9e94b71cb3,Lincolnton,lincolnton,Georgia,2024-08-02T20:07:05.209Z,,False
66ad3c5c27a9893d4666bfe2,Lindale,lindale,Georgia,2024-08-02T20:06:52.804Z,,False
66ad3c644906d585b7b9faa9,Lithonia,lithonia,Georgia,2024-08-02T20:07:00.097Z,,False
66ad3c587382f042ca54174c,Locust Grove,locust-grove,Georgia,2024-08-02T20:06:48.052Z,,False
66ad3c56dd62e6a60e449e55,Loganville,loganville,Georgia,2024-08-02T20:06:46.793Z,,False
66ad3c69b1e739f1dd07b9d3,Lookout Mountain,lookout-mountain,Georgia,2024-08-02T20:07:05.920Z,,False
66ad3c57fcc0eb28f2e156e4,Lovejoy,lovejoy,Georgia,2024-08-02T20:06:47.233Z,,False
66ad3c674906d585b7b9fd42,Ludowici,ludowici,Georgia,2024-08-02T20:07:03.624Z,,False
66ad3c63a7ef74e33c936e7d,Lula,lula,Georgia,2024-08-02T20:06:59.188Z,,False
66ad3c6efcc0eb28f2e1672f,Lumber,lumber,Georgia,2024-08-02T20:07:10.742Z,,False
66ad3c73811d3428052c2152,Lumpkin,lumpkin,Georgia,2024-08-02T20:07:15.274Z,,False
66ad3c73b1e739f1dd07bd43,Luthersville,luthersville,Georgia,2024-08-02T20:07:15.165Z,,False
66ad3c78fcc0eb28f2e16e92,Lyerly,lyerly,Georgia,2024-08-02T20:07:20.163Z,,False
66ad3c5d67e4c7ab70408e24,Lyons,lyons,Georgia,2024-08-02T20:06:53.834Z,,False
66ad3c5cc46f12a175d294e1,Madison,madison-4745f,Georgia,2024-08-02T20:06:52.733Z,,False
66ad3c704fef8862e4cdf161,Marshallville,marshallville,Georgia,2024-08-02T20:07:12.185Z,,False
66ad3c79150c5a6f09b4ae2e,Maxeys,maxeys,Georgia,2024-08-02T20:07:21.671Z,,False
66ad3c6aad3310e83b141bb8,Maysville,maysville,Georgia,2024-08-02T20:07:06.720Z,,False
66ad3c6a596170f4778b0062,McCaysville,mccaysville,Georgia,2024-08-02T20:07:06.667Z,,False
66ad3c7406ccedc50530dd4c,McIntyre,mcintyre,Georgia,2024-08-02T20:07:16.461Z,,False
66ad3c5a6ff7161fa3d5898d,McRae-Helena,mcrae-helena,Georgia,2024-08-02T20:06:50.418Z,,False
66ad3c71150c5a6f09b4a8b4,Meigs,meigs,Georgia,2024-08-02T20:07:13.890Z,,False
66ad3c7a427c1fb0d71b411d,Menlo,menlo,Georgia,2024-08-02T20:07:22.068Z,,False
66ad3c5dcc0e8fbc4d77bacd,Metter,metter,Georgia,2024-08-02T20:06:53.948Z,,False
66ad3c65c46f12a175d2a6b0,Midway,midway,Georgia,2024-08-02T20:07:01.169Z,,False
66ad3c75f5ebefd3fb95ec2a,Milan,milan,Georgia,2024-08-02T20:07:17.975Z,,False
66ad3c62e61b522e36735e6e,Millen,millen,Georgia,2024-08-02T20:06:58.637Z,,False
66ad3c76e187c6decfadbc86,Milner,milner,Georgia,2024-08-02T20:07:18.411Z,,False
66ad3c73455dcf16acff06cf,Milstead,milstead,Georgia,2024-08-02T20:07:15.312Z,,False
66ad3c756bdb8177169fbbba,Molena,molena,Georgia,2024-08-02T20:07:17.359Z,,False
66ad3c626ff7161fa3d59063,Montezuma,montezuma,Georgia,2024-08-02T20:06:58.285Z,,False
66ad3c5c03a96fd398e1e207,Montgomery,montgomery-622f3,Georgia,2024-08-02T20:06:52.540Z,,False
66ad3c644906d585b7b9fad3,Monticello,monticello,Georgia,2024-08-02T20:07:00.269Z,,False
66ad3c6be56bee9896042bad,Moody AFB,moody-afb,Georgia,2024-08-02T20:07:07.371Z,,False
66ad3c76ffa1dfaba56158cf,Moreland,moreland,Georgia,2024-08-02T20:07:18.720Z,,False
66ad3c69921c8c113c3c341b,Morgan,morgan,Georgia,2024-08-02T20:07:05.529Z,,False
66ad3c5a5bc14c1156328328,Morrow,morrow,Georgia,2024-08-02T20:06:50.152Z,,False
66ad3c77f08c1c4dd07ba68e,Morven,morven,Georgia,2024-08-02T20:07:19.228Z,,False
66ad3c55db01484a9f49fd04,Moultrie,moultrie,Georgia,2024-08-02T20:06:45.828Z,,False
66ad3c6bd699a08450ce90fc,Mount Airy,mount-airy,Georgia,2024-08-02T20:07:07.863Z,,False
66ad3c667382f042ca542342,Mount Vernon,mount-vernon,Georgia,2024-08-02T20:07:02.572Z,,False
66ad3c69dd62e6a60e44bea8,Mount Zion,mount-zion,Georgia,2024-08-02T20:07:05.349Z,,False
66ad3c7003a96fd398e1ed2c,Mountain,mountain,Georgia,2024-08-02T20:07:12.476Z,,False
66ad3c56427c1fb0d71b2b14,Mountain Park,mountain-park,Georgia,2024-08-02T20:06:46.327Z,,False
66ad3c6bffa1dfaba5614c40,Nahunta,nahunta,Georgia,2024-08-02T20:07:07.846Z,,False
66ad3c7175ff33f70e7c2c2d,Nelson,nelson,Georgia,2024-08-02T20:07:13.501Z,,False
66ad3c796a546a67c83f57c1,New England,new-england,Georgia,2024-08-02T20:07:21.750Z,,False
66ad3c76480ecdcbf3244bea,Newborn,newborn,Georgia,2024-08-02T20:07:18.014Z,,False
66ad3c79db01484a9f4a0def,Newton,newton-1962d,Georgia,2024-08-02T20:07:21.425Z,,False
66ad3c616a546a67c83f48ca,Nicholls,nicholls,Georgia,2024-08-02T20:06:57.923Z,,False
66ad3c6703a96fd398e1e76e,Nicholson,nicholson,Georgia,2024-08-02T20:07:03.976Z,,False
66ad3c6efcc0eb28f2e16772,Norman Park,norman-park,Georgia,2024-08-02T20:07:10.903Z,,False
66ad3c54e61b522e3673313d,North Decatur,north-decatur,Georgia,2024-08-02T20:06:44.365Z,,False
66ad3c536ff7161fa3d587cf,North Druid Hills,north-druid-hills,Georgia,2024-08-02T20:06:43.745Z,,False
66ad3c74fa1efcd2091fb3b3,North High Shoals,north-high-shoals,Georgia,2024-08-02T20:07:16.417Z,,False
66ad3c78c82fabd0a4089172,Oak Park,oak-park,Georgia,2024-08-02T20:07:20.610Z,,False
66ad3c5b4baf0cfaa15fc934,Oakwood,oakwood,Georgia,2024-08-02T20:06:51.543Z,,False
66ad3c75455dcf16acff07b0,Ochlocknee,ochlocknee,Georgia,2024-08-02T20:07:17.225Z,,False
66ad3c60ad3310e83b1414e9,Ocilla,ocilla,Georgia,2024-08-02T20:06:56.444Z,,False
66ad3c71175e13707165c63f,Offerman,offerman,Georgia,2024-08-02T20:07:13.808Z,,False
66ad3c6ff5ebefd3fb95e6a2,Oglethorpe,oglethorpe,Georgia,2024-08-02T20:07:11.206Z,,False
66ad3c6cd93f377ccfacfd47,Omega,omega,Georgia,2024-08-02T20:07:08.383Z,,False
66ad3c68d699a08450ce8f47,Oxford,oxford-d19ed,Georgia,2024-08-02T20:07:04.540Z,,False
66ad3c5c6ff7161fa3d58aaf,Palmetto,palmetto,Georgia,2024-08-02T20:06:52.387Z,,False
66ad3c58e1960993c5dd10d0,Panthersville,panthersville,Georgia,2024-08-02T20:06:48.202Z,,False
66ad3c745098f548b709f7e6,Patterson,patterson,Georgia,2024-08-02T20:07:16.357Z,,False
66ad3c74687a94f0f681b0a6,Pavo,pavo,Georgia,2024-08-02T20:07:16.721Z,,False
66ad3c6930a48b91256bc048,Pearson,pearson,Georgia,2024-08-02T20:07:05.882Z,,False
66ad3c65480ecdcbf32432fe,Pembroke,pembroke,Georgia,2024-08-02T20:07:01.046Z,,False
66ad3c6a4baf0cfaa15fcef5,Pendergrass,pendergrass,Georgia,2024-08-02T20:07:06.315Z,,False
66ad3c7adb01484a9f4a0e31,Phillipsburg,phillipsburg-173fd,Georgia,2024-08-02T20:07:22.091Z,,False
66ad3c72ae33e71b5e73444a,Pine Lake,pine-lake,Georgia,2024-08-02T20:07:14.475Z,,False
66ad3c6b5098f548b709f3b1,Pine Mountain,pine-mountain,Georgia,2024-08-02T20:07:07.505Z,,False
66ad3c76175e13707165cb25,Pineview,pineview,Georgia,2024-08-02T20:07:18.628Z,,False
66ad3c79175e13707165cbec,Pitts,pitts,Georgia,2024-08-02T20:07:21.076Z,,False
66ad3c734fef8862e4cdf779,Plains,plains,Georgia,2024-08-02T20:07:15.271Z,,False
66ad3c562bd09b9e94b71393,Port Wentworth,port-wentworth,Georgia,2024-08-02T20:06:46.640Z,,False
66ad3c762ea4361dc21087fa,Portal,portal,Georgia,2024-08-02T20:07:18.508Z,,False
66ad3c6a6bdb8177169fb886,Porterdale,porterdale,Georgia,2024-08-02T20:07:06.980Z,,False
66ad3c73ee0035ecc53dbcbf,Poulan,poulan,Georgia,2024-08-02T20:07:15.945Z,,False
66ad3c60e187c6decfadb073,Putney,putney,Georgia,2024-08-02T20:06:56.514Z,,False
66ad3c645bc14c1156328c28,Raoul,raoul,Georgia,2024-08-02T20:07:00.647Z,,False
66ad3c6f427c1fb0d71b3adf,Ray,ray,Georgia,2024-08-02T20:07:11.987Z,,False
66ad3c63e56bee989604286f,Reed Creek,reed-creek,Georgia,2024-08-02T20:06:59.624Z,,False
66ad3c64455dcf16acfef30b,Reidsville,reidsville,Georgia,2024-08-02T20:07:00.556Z,,False
66ad3c6b7eb1007e1c277737,Remerton,remerton,Georgia,2024-08-02T20:07:07.148Z,,False
66ad3c6c6ff7161fa3d5968b,Resaca,resaca,Georgia,2024-08-02T20:07:08.572Z,,False
66ad3c734baf0cfaa15fd5b4,Reynolds,reynolds,Georgia,2024-08-02T20:07:15.281Z,,False
66ad3c77c82fabd0a40890e2,Rhine,rhine,Georgia,2024-08-02T20:07:19.726Z,,False
66ad3c716ff7161fa3d5988b,Riceboro,riceboro,Georgia,2024-08-02T20:07:12.999Z,,False
66ad3c6c6ff7161fa3d59696,Richland,richland,Georgia,2024-08-02T20:07:08.626Z,,False
66ad3c56dc5ee071e24a337b,Rincon,rincon,Georgia,2024-08-02T20:06:46.683Z,,False
66ad3c6b5bc14c11563299e0,Roberta,roberta,Georgia,2024-08-02T20:07:07.579Z,,False
66ad3c6cecc8729409771b21,Robins AFB,robins-afb,Georgia,2024-08-02T20:07:08.290Z,,False
66ad3c70be3ee5200f9fd79c,Rochelle,rochelle,Georgia,2024-08-02T20:07:12.341Z,,False
66ad3c70e61b522e367368a9,Rock Spring,rock-spring,Georgia,2024-08-02T20:07:12.313Z,,False
66ad3c5bf8f9bc841ff8b6a1,Rockmart,rockmart,Georgia,2024-08-02T20:06:51.674Z,,False
66ad3c5d5bc14c11563285ac,Rossville,rossville,Georgia,2024-08-02T20:06:53.890Z,,False
66ad3c66ed5e6fb71ac34a90,Royston,royston,Georgia,2024-08-02T20:07:02.150Z,,False
66ad3c6b7eb1007e1c277787,Russell,russell,Georgia,2024-08-02T20:07:07.834Z,,False
66ad3c6ffcc0eb28f2e1680d,Rutledge,rutledge,Georgia,2024-08-02T20:07:11.390Z,,False
66ad3c6fe1db3d28a444b1dd,Sardis,sardis,Georgia,2024-08-02T20:07:11.467Z,,False
66ad3c79687a94f0f681b535,Sautee-Nacoochee,sautee-nacoochee,Georgia,2024-08-02T20:07:21.934Z,,False
66ad3c56ecc8729409770d84,Scottdale,scottdale,Georgia,2024-08-02T20:06:46.979Z,,False
66ad3c75e79f67571c0a4fec,Screven,screven,Georgia,2024-08-02T20:07:17.005Z,,False
66ad3c5bc46f12a175d29051,Senoia,senoia,Georgia,2024-08-02T20:06:51.611Z,,False
66ad3c6ae56bee9896042b79,Shannon,shannon,Georgia,2024-08-02T20:07:06.635Z,,False
66ad3c72ffa1dfaba561571c,Shellman,shellman,Georgia,2024-08-02T20:07:14.633Z,,False
66ad3c7806ccedc50530dfd7,Shiloh,shiloh-04562,Georgia,2024-08-02T20:07:20.133Z,,False
66ad3c58ed29597b7b782659,Skidaway Island,skidaway-island,Georgia,2024-08-02T20:06:48.119Z,,False
66ad3c7630a48b91256bc5f1,Sky Valley,sky-valley,Georgia,2024-08-02T20:07:18.958Z,,False
66ad3c5cdc5ee071e24a3e07,Social Circle,social-circle,Georgia,2024-08-02T20:06:52.035Z,,False
66ad3c63480ecdcbf3242d7d,Soperton,soperton,Georgia,2024-08-02T20:06:59.584Z,,False
66ad3c6530a48b91256bbdd2,Sparks,sparks,Georgia,2024-08-02T20:07:01.146Z,,False
66ad3c63f1b824d2e554871c,Springfield,springfield-09b43,Georgia,2024-08-02T20:06:59.486Z,,False
66ad3c54389f8bdae000fc5d,St. Simons,st-simons,Georgia,2024-08-02T20:06:44.931Z,,False
66ad3c634906d585b7b9f9ef,Statham,statham,Georgia,2024-08-02T20:06:59.191Z,,False
66ad3c68d80508f5822c1307,Sterling,sterling,Georgia,2024-08-02T20:07:04.970Z,,False
66ad3c74ed5e6fb71ac35669,Stillmore,stillmore,Georgia,2024-08-02T20:07:16.745Z,,False
66ad3c5aa7ef74e33c9362b7,Stone Mountain,stone-mountain,Georgia,2024-08-02T20:06:50.062Z,,False
66ad3c5d5098f548b709ead8,Summerville,summerville,Georgia,2024-08-02T20:06:53.195Z,,False
66ad3c71596170f4778b04f8,Sunnyside,sunnyside,Georgia,2024-08-02T20:07:13.159Z,,False
66ad3c74811d3428052c21c5,Sunset,sunset,Georgia,2024-08-02T20:07:16.774Z,,False
66ad3c6dbe3ee5200f9fd51a,Sycamore,sycamore,Georgia,2024-08-02T20:07:09.198Z,,False
66ad3c632e6c3bb4992084df,Sylvania,sylvania,Georgia,2024-08-02T20:06:59.875Z,,False
66ad3c5bb672c190d9108a36,Sylvester,sylvester,Georgia,2024-08-02T20:06:50.999Z,,False
66ad3c6ddc5ee071e24a4ae6,Talahi Island,talahi-island,Georgia,2024-08-02T20:07:09.696Z,,False
66ad3c74e1960993c5dd230f,Talbotton,talbotton,Georgia,2024-08-02T20:07:16.575Z,,False
66ad3c6130a48b91256bbade,Tallapoosa,tallapoosa,Georgia,2024-08-02T20:06:57.039Z,,False
66ad3c5bb1e739f1dd07aceb,Temple,temple,Georgia,2024-08-02T20:06:51.156Z,,False
66ad3c6b921c8c113c3c3528,Tennille,tennille,Georgia,2024-08-02T20:07:07.320Z,,False
66ad3c5927a9893d4666be5c,Thomson,thomson,Georgia,2024-08-02T20:06:49.842Z,,False
66ad3c644420825511b187d0,Thunderbolt,thunderbolt,Georgia,2024-08-02T20:07:00.456Z,,False
66ad3c78c733165256033586,Tiger,tiger,Georgia,2024-08-02T20:07:20.267Z,,False
66ad3c6eb672c190d9109516,Tignall,tignall,Georgia,2024-08-02T20:07:10.061Z,,False
66ad3c75c82fabd0a4088f73,Toomsboro,toomsboro,Georgia,2024-08-02T20:07:17.693Z,,False
66ad3c67ad3310e83b141902,Trenton,trenton-27b51,Georgia,2024-08-02T20:07:03.161Z,,False
66ad3c66f64fc2f8119e2977,Trion,trion,Georgia,2024-08-02T20:07:02.475Z,,False
66ad3c6d5bc14c1156329b62,Tunnel Hill,tunnel-hill,Georgia,2024-08-02T20:07:09.744Z,,False
66ad3c695bc14c11563292bb,Twin,twin,Georgia,2024-08-02T20:07:05.548Z,,False
66ad3c76142cc8ce2602015f,Ty Ty,ty-ty,Georgia,2024-08-02T20:07:18.474Z,,False
66ad3c6116211a93fa30a109,Tybee Island,tybee-island,Georgia,2024-08-02T20:06:57.402Z,,False
66ad3c59dd62e6a60e44a03c,Tyrone,tyrone,Georgia,2024-08-02T20:06:49.515Z,,False
66ad3c62596170f4778afcc7,Unadilla,unadilla,Georgia,2024-08-02T20:06:58.098Z,,False
66ad3c6aed29597b7b783290,Union Point,union-point,Georgia,2024-08-02T20:07:06.810Z,,False
66ad3c664baf0cfaa15fcdc0,Unionville,unionville,Georgia,2024-08-02T20:07:02.847Z,,False
66ad3c6527a9893d4666c506,Varnell,varnell,Georgia,2024-08-02T20:07:01.455Z,,False
66ad3c625098f548b709ed44,Vienna,vienna,Georgia,2024-08-02T20:06:58.728Z,,False
66ad3c5641511bff21922947,Vinings,vinings,Georgia,2024-08-02T20:06:46.322Z,,False
66ad3c73427c1fb0d71b3cc3,Waco,waco,Georgia,2024-08-02T20:07:15.663Z,,False
66ad3c68ed5e6fb71ac34d04,Wadley,wadley,Georgia,2024-08-02T20:07:04.589Z,,False
66ad3c74f64fc2f8119e3076,Waleska,waleska,Georgia,2024-08-02T20:07:16.046Z,,False
66ad3c6a12fe4164e16d03eb,Walnut Grove,walnut-grove,Georgia,2024-08-02T20:07:06.972Z,,False
66ad3c5ee06c0b2220f1a7a9,Walthourville,walthourville,Georgia,2024-08-02T20:06:54.556Z,,False
66ad3c7aed5e6fb71ac35e98,Waresboro,waresboro,Georgia,2024-08-02T20:07:22.065Z,,False
66ad3c78f5ebefd3fb95edab,Warm Springs,warm-springs,Georgia,2024-08-02T20:07:20.616Z,,False
66ad3c69a7ef74e33c9373a8,Warrenton,warrenton,Georgia,2024-08-02T20:07:05.475Z,,False
66ad3c77cc0e8fbc4d77ce79,Warwick,warwick,Georgia,2024-08-02T20:07:19.619Z,,False
66ad3c5e5098f548b709eb8c,Washington,washington-5c7bd,Georgia,2024-08-02T20:06:54.307Z,,False
66ad3c628cdea0e07a9457a2,Watkinsville,watkinsville,Georgia,2024-08-02T20:06:58.269Z,,False
66ad3c75427c1fb0d71b3e5e,Waverly Hall,waverly-hall,Georgia,2024-08-02T20:07:17.646Z,,False
66ad3c5ae933b254c9c648d6,Waynesboro,waynesboro,Georgia,2024-08-02T20:06:50.648Z,,False
66ad3c77dc5ee071e24a5751,Waynesville,waynesville,Georgia,2024-08-02T20:07:19.420Z,,False
66ad3c65ecc87294097714ed,Webster County unified government,webster-county-unified-government,Georgia,2024-08-02T20:07:01.786Z,,False
66ad3c6df5ebefd3fb95e5f2,West Brow,west-brow,Georgia,2024-08-02T20:07:09.932Z,,False
66ad3c5f480ecdcbf3242003,West Point,west-point,Georgia,2024-08-02T20:06:55.421Z,,False
66ad3c7618abfa837df00989,Whigham,whigham,Georgia,2024-08-02T20:07:18.313Z,,False
66ad3c726a546a67c83f5490,White,white-9510d,Georgia,2024-08-02T20:07:14.929Z,,False
66ad3c5abe3ee5200f9fc1e8,Whitemarsh Island,whitemarsh-island,Georgia,2024-08-02T20:06:50.012Z,,False
66ad3c75fccb03394215d2cd,Whitesburg,whitesburg,Georgia,2024-08-02T20:07:17.670Z,,False
66ad3c78e933b254c9c656f5,Wildwood,wildwood-b1e65,Georgia,2024-08-02T20:07:20.030Z,,False
66ad3c6b1bb9f765b7bd4e41,Willacoochee,willacoochee,Georgia,2024-08-02T20:07:07.713Z,,False
66ad3c732bd09b9e94b7222e,Williamson,williamson,Georgia,2024-08-02T20:07:15.697Z,,False
66ad3c556ff7161fa3d58877,Wilmington Island,wilmington-island,Georgia,2024-08-02T20:06:45.499Z,,False
66ad3c6f4fef8862e4cdf133,Woodbine,woodbine-2c9ea,Georgia,2024-08-02T20:07:11.849Z,,False
66ad3c7267e4c7ab70409f74,Woodbury,woodbury-32075,Georgia,2024-08-02T20:07:14.780Z,,False
66ad3c67c82fabd0a408832d,Wrens,wrens,Georgia,2024-08-02T20:07:03.993Z,,False
66ad3c5f4420825511b184b7,Wrightsville,wrightsville,Georgia,2024-08-02T20:06:55.862Z,,False
66ad3c7741511bff219239ed,Yonah,yonah,Georgia,2024-08-02T20:07:19.715Z,,False
66ad3c6f15fb93b050ffdf4b,Young Harris,young-harris,Georgia,2024-08-02T20:07:11.540Z,,False
66ad3c6ae1960993c5dd1d24,Zebulon,zebulon,Georgia,2024-08-02T20:07:06.857Z,,False
6646ed2e69dfd70e34614ed4,Absecon,absecon,New Jersey,2024-05-17T05:37:50.534Z,,False
6646ed3cd07b73b3e10c0e8d,Alexandria,alexandria,New Jersey,2024-05-17T05:38:04.087Z,,False
6646ed3a0ca42be34dd5ff55,Allamuchy,allamuchy,New Jersey,2024-05-17T05:38:02.579Z,,False
6646ed4975169877c6fa1205,Allen,allen,New Jersey,2024-05-17T05:38:17.724Z,,False
6646ed3675169877c6fa0384,Allendale,allendale,New Jersey,2024-05-17T05:37:58.104Z,,False
6646ed4fb0234bc85afc27bd,Allenhurst,allenhurst,New Jersey,2024-05-17T05:38:23.924Z,,False
6646ed4169dfd70e34615c09,Alloway,alloway,New Jersey,2024-05-17T05:38:09.979Z,,False
6646ed469240e04d9ea2af1c,Alpha,alpha,New Jersey,2024-05-17T05:38:14.619Z,,False
6646ed4cf649e649ef3f6aad,Alpine,alpine,New Jersey,2024-05-17T05:38:20.261Z,,False
6646ed38840ca41ee336cafd,Andover,andover,New Jersey,2024-05-17T05:38:00.531Z,,False
6646ed1430c52748b0310886,Atlantic,atlantic,New Jersey,2024-05-17T05:37:24.662Z,,False
6646ed3ec79fdaa617179b2e,Atlantic Highlands,atlantic-highlands,New Jersey,2024-05-17T05:38:06.474Z,,False
6646ed30a76426f64c54e248,Audubon,audubon,New Jersey,2024-05-17T05:37:52.481Z,,False
6646ed4d5566b55aa530174b,Audubon Park,audubon-park,New Jersey,2024-05-17T05:38:21.577Z,,False
6646ed4c92e7badcc59be8f0,Avalon,avalon,New Jersey,2024-05-17T05:38:20.067Z,,False
6646ed494c513545cbf6f0ef,Avon-by-the-Sea,avon-by-the-sea,New Jersey,2024-05-17T05:38:17.796Z,,False
6646ed19a1869b0981255b4e,Barnegat,barnegat,New Jersey,2024-05-17T05:37:29.370Z,,False
6646ed4f264feeb057ed067e,Barnegat Light,barnegat-light,New Jersey,2024-05-17T05:38:23.874Z,,False
6646ed354c513545cbf6e84d,Barrington,barrington,New Jersey,2024-05-17T05:37:57.388Z,,False
6646ed4de79f610b7343646d,Bass River,bass-river,New Jersey,2024-05-17T05:38:21.833Z,,False
6646ed4dffd919d7c58d465b,Bay Head,bay-head,New Jersey,2024-05-17T05:38:21.156Z,,False
6646ed4db2e8ce909c2478ca,Beach Haven,beach-haven,New Jersey,2024-05-17T05:38:21.270Z,,False
6646ed29c1d1934d3d661f0b,Beachwood,beachwood,New Jersey,2024-05-17T05:37:45.421Z,,False
6646ed315dc1556bdfa40ef1,Bedminster,bedminster,New Jersey,2024-05-17T05:37:53.641Z,,False
6646ed2881dc6b3a6d11171d,Bellmawr,bellmawr,New Jersey,2024-05-17T05:37:44.220Z,,False
6646ed394dec8c3f0c9faa18,Belmar,belmar,New Jersey,2024-05-17T05:38:01.080Z,,False
6646ed236474cb8171cbbbb3,Berkeley Heights,berkeley-heights,New Jersey,2024-05-17T05:37:39.725Z,,False
6646ed35487f6ef8d2c5fe13,Berlin,berlin,New Jersey,2024-05-17T05:37:57.489Z,,False
6646ed17ffd919d7c58d2ce9,Bernards,bernards,New Jersey,2024-05-17T05:37:27.819Z,,False
6646ed3229342da0d6455a2d,Bernardsville,bernardsville,New Jersey,2024-05-17T05:37:54.722Z,,False
6646ed40b28e17f046075450,Bethlehem,bethlehem,New Jersey,2024-05-17T05:38:08.284Z,,False
6646ed457e0ac4ed8dc3b80f,Beverly,beverly,New Jersey,2024-05-17T05:38:13.780Z,,False
6646ed39fc643045c20fcbe1,Blairs,blairs,New Jersey,2024-05-17T05:38:01.915Z,,False
6646ed35487f6ef8d2c5fe11,Bloomingdale,bloomingdale,New Jersey,2024-05-17T05:37:57.489Z,,False
6646ed4eaf3833e0e71b6d92,Bloomsbury,bloomsbury,New Jersey,2024-05-17T05:38:22.813Z,,False
6646ed2ff97616d11977d953,Bogota,bogota,New Jersey,2024-05-17T05:37:51.096Z,,False
6646ed30fc643045c20fc7f3,Boonton,boonton,New Jersey,2024-05-17T05:37:52.489Z,,False
6646ed26af924fa4e00523bd,Borden,borden,New Jersey,2024-05-17T05:37:42.651Z,,False
6646ed2669dfd70e3461481b,Bound Brook,bound-brook,New Jersey,2024-05-17T05:37:42.450Z,,False
6646ed3e81dc6b3a6d1124c2,Bradley Beach,bradley-beach,New Jersey,2024-05-17T05:38:06.528Z,,False
6646ed212e30b1d4b607090a,Branchburg,branchburg,New Jersey,2024-05-17T05:37:37.483Z,,False
6646ed4e4a2f91daec16eff8,Branchville,branchville,New Jersey,2024-05-17T05:38:22.803Z,,False
6646ed3bd07b73b3e10c0e1d,Brielle,brielle,New Jersey,2024-05-17T05:38:03.417Z,,False
6646ed339d76df51b4a0fec6,Brigantine,brigantine,New Jersey,2024-05-17T05:37:55.104Z,,False
6646ed48b3cbc92de20851b4,Brooklawn,brooklawn,New Jersey,2024-05-17T05:38:16.377Z,,False
6646ed3daf3833e0e71b6473,Buena,buena,New Jersey,2024-05-17T05:38:05.552Z,,False
6646ed356c143a6ac2d17b20,Buena Vista,buena-vista,New Jersey,2024-05-17T05:37:57.080Z,,False
6646ed19f97616d11977cf35,Burlington,burlington,New Jersey,2024-05-17T05:37:29.531Z,,False
6646ed324c513545cbf6e74f,Butler,butler,New Jersey,2024-05-17T05:37:54.241Z,,False
6646ed2f9d76df51b4a0fcf9,Caldwell,caldwell,New Jersey,2024-05-17T05:37:51.270Z,,False
6646ed4db2e8ce909c247988,Califon,califon,New Jersey,2024-05-17T05:38:21.830Z,,False
6646ed50ed32af8e45d55b79,Cape May Point,cape-may-point,New Jersey,2024-05-17T05:38:24.366Z,,False
6646ed378d26c0890b7ce38e,Carlstadt,carlstadt,New Jersey,2024-05-17T05:37:59.073Z,,False
6646ed30c80487a822b07257,Carneys Point,carneys-point,New Jersey,2024-05-17T05:37:52.527Z,,False
6646ed238e779d9dc7323866,Cedar Grove,cedar-grove,New Jersey,2024-05-17T05:37:39.516Z,,False
6646ed299ab7448da5f30691,Chatham,chatham,New Jersey,2024-05-17T05:37:45.631Z,,False
6646ed4c5566b55aa5301704,Chesilhurst,chesilhurst,New Jersey,2024-05-17T05:38:20.780Z,,False
6646ed33b3cbc92de2084488,Chester,chester,New Jersey,2024-05-17T05:37:55.322Z,,False
6646ed2ec79fdaa6171791d3,Chesterfield,chesterfield,New Jersey,2024-05-17T05:37:50.043Z,,False
6646ed1e8d26c0890b7cd91e,Cinnaminson,cinnaminson,New Jersey,2024-05-17T05:37:34.551Z,,False
6646ed15382783ffd032507b,City of Orange,city-of-orange,New Jersey,2024-05-17T05:37:25.562Z,,False
6646ed20af3833e0e71b5210,Clark,clark,New Jersey,2024-05-17T05:37:36.274Z,,False
6646ed2f30c52748b0311325,Clayton,clayton,New Jersey,2024-05-17T05:37:51.957Z,,False
6646ed3b049e24b253c5912c,Clementon,clementon,New Jersey,2024-05-17T05:38:03.039Z,,False
6646ed236474cb8171cbbb79,Clinton,clinton,New Jersey,2024-05-17T05:37:39.279Z,,False
6646ed30f92d532c5c89b6a9,Closter,closter,New Jersey,2024-05-17T05:37:52.782Z,,False
6646ed22af924fa4e0051e6a,Collingswood,collingswood,New Jersey,2024-05-17T05:37:38.795Z,,False
6646ed2cd97b33b28951160b,Colts Neck,colts-neck,New Jersey,2024-05-17T05:37:48.717Z,,False
6646ed3ca76426f64c54ea02,Commercial,commercial,New Jersey,2024-05-17T05:38:04.690Z,,False
6646ed4fed32af8e45d55ab7,Corbin,corbin,New Jersey,2024-05-17T05:38:23.074Z,,False
6646ed3fb3cbc92de2084cfc,Cranbury,cranbury,New Jersey,2024-05-17T05:38:07.550Z,,False
6646ed2f8a529badae1b6aef,Cresskill,cresskill,New Jersey,2024-05-17T05:37:51.082Z,,False
6646ed4fc79fdaa61717a2b6,Deal,deal,New Jersey,2024-05-17T05:38:23.232Z,,False
6646ed42fc643045c20fd0b7,Deerfield,deerfield,New Jersey,2024-05-17T05:38:10.630Z,,False
6646ed3c8e779d9dc73243c9,Delanco,delanco,New Jersey,2024-05-17T05:38:04.453Z,,False
6646ed3db0234bc85afc2062,Delaware,delaware,New Jersey,2024-05-17T05:38:05.225Z,,False
6646ed1e344d79e99a1af37d,Delran,delran,New Jersey,2024-05-17T05:37:34.294Z,,False
6646ed3bc80487a822b07505,Demarest,demarest,New Jersey,2024-05-17T05:38:03.529Z,,False
6646ed37b28e17f04607506b,Dennis,dennis,New Jersey,2024-05-17T05:37:59.411Z,,False
6646ed4cb2e8ce909c2477e3,Downe,downe,New Jersey,2024-05-17T05:38:20.251Z,,False
6646ed33cc5d728e17bf0c63,Dunellen,dunellen,New Jersey,2024-05-17T05:37:55.983Z,,False
6646ed4b92e7badcc59be8be,Eagleswood,eagleswood,New Jersey,2024-05-17T05:38:19.255Z,,False
6646ed3ff92d532c5c89bcee,East Amwell,east-amwell,New Jersey,2024-05-17T05:38:07.780Z,,False
6646ed27f97616d11977d686,East Greenwich,east-greenwich,New Jersey,2024-05-17T05:37:43.155Z,,False
6646ed2887c509232f15da3c,East Hanover,east-hanover,New Jersey,2024-05-17T05:37:44.836Z,,False
6646ed444a2f91daec16ec43,East Newark,east-newark,New Jersey,2024-05-17T05:38:12.265Z,,False
6646ed2b6ca7861668afee6b,East Rutherford,east-rutherford,New Jersey,2024-05-17T05:37:47.369Z,,False
6646ed16ed32af8e45d51f69,East Windsor,east-windsor,New Jersey,2024-05-17T05:37:26.811Z,,False
6646ed37fc643045c20fcb10,Eastampton,eastampton,New Jersey,2024-05-17T05:37:59.540Z,,False
6646ed23d97b33b289510d65,Eaton,eaton,New Jersey,2024-05-17T05:37:39.204Z,,False
6646ed22da5d33f229a86b35,Edgewater,edgewater,New Jersey,2024-05-17T05:37:38.352Z,,False
6646ed2f8b8b2422f7c8c289,Edgewater Park,edgewater-park,New Jersey,2024-05-17T05:37:51.866Z,,False
6646ed3e049e24b253c591ba,Elk,elk,New Jersey,2024-05-17T05:38:06.100Z,,False
6646ed4cc79fdaa61717a1ef,Elmer,elmer,New Jersey,2024-05-17T05:38:20.911Z,,False
6646ed4e049e24b253c59931,Elsinboro,elsinboro,New Jersey,2024-05-17T05:38:22.281Z,,False
6646ed34941c997a34d41f90,Emerson,emerson,New Jersey,2024-05-17T05:37:56.503Z,,False
6646ed16c1d1934d3d66170d,Englewood,englewood,New Jersey,2024-05-17T05:37:26.886Z,,False
6646ed3a8268cc28afdee532,Englewood Cliffs,englewood-cliffs,New Jersey,2024-05-17T05:38:02.537Z,,False
6646ed47487f6ef8d2c609bd,English,english,New Jersey,2024-05-17T05:38:15.091Z,,False
6646ed46b2e8ce909c24759d,Essex Fells,essex-fells,New Jersey,2024-05-17T05:38:14.192Z,,False
6646ed4aba7ac6ee9551caa4,Estell Manor,estell-manor,New Jersey,2024-05-17T05:38:18.846Z,,False
6646ed37b3cbc92de208472a,Fair Haven,fair-haven,New Jersey,2024-05-17T05:37:59.813Z,,False
6646ed33cc5d728e17bf0ba6,Fairfield,fairfield,New Jersey,2024-05-17T05:37:55.444Z,,False
6646ed21da5d33f229a86abf,Fairview,fairview,New Jersey,2024-05-17T05:37:37.357Z,,False
6646ed33af924fa4e0052a40,Fanwood,fanwood,New Jersey,2024-05-17T05:37:55.578Z,,False
6646ed4dba7ac6ee9551cc9c,Far Hills,far-hills,New Jersey,2024-05-17T05:38:21.298Z,,False
6646ed4ca76426f64c54f104,Farmingdale,farmingdale,New Jersey,2024-05-17T05:38:20.577Z,,False
6646ed4e81dc6b3a6d113759,Fieldsboro,fieldsboro,New Jersey,2024-05-17T05:38:22.833Z,,False
6646ed244dec8c3f0c9f9a6f,Florence,florence,New Jersey,2024-05-17T05:37:40.226Z,,False
6646ed240869d8afd59c349a,Florham Park,florham-park,New Jersey,2024-05-17T05:37:40.042Z,,False
6646ed4bda5d33f229a87781,Folsom,folsom,New Jersey,2024-05-17T05:38:19.110Z,,False
6646ed148e779d9dc7323067,Fort Lee,fort-lee,New Jersey,2024-05-17T05:37:24.579Z,,False
6646ed3af649e649ef3f5c22,Frankford,frankford,New Jersey,2024-05-17T05:38:02.856Z,,False
6646ed29382783ffd0325b4d,Franklin Lakes,franklin-lakes,New Jersey,2024-05-17T05:37:45.227Z,,False
6646ed4292e7badcc59be25a,Fredon,fredon,New Jersey,2024-05-17T05:38:10.599Z,,False
6646ed468b8b2422f7c8cfcc,Frelinghuysen,frelinghuysen,New Jersey,2024-05-17T05:38:14.944Z,,False
6646ed4b5566b55aa530128b,French,french,New Jersey,2024-05-17T05:38:19.284Z,,False
6646ed3f941c997a34d43db7,Garwood,garwood,New Jersey,2024-05-17T05:38:07.317Z,,False
6646ed46d07b73b3e10c147c,Gibbsboro,gibbsboro,New Jersey,2024-05-17T05:38:14.390Z,,False
6646ed1a6474cb8171cbb71a,Glassboro,glassboro,New Jersey,2024-05-17T05:37:30.373Z,,False
6646ed4baf3833e0e71b6b54,Glen Gardner,glen-gardner,New Jersey,2024-05-17T05:38:19.476Z,,False
6646ed32cc5d728e17bf0b71,Glen Ridge,glen-ridge,New Jersey,2024-05-17T05:37:54.749Z,,False
6646ed2592e7badcc59bbe98,Glen Rock,glen-rock,New Jersey,2024-05-17T05:37:41.939Z,,False
6646ed40154e496e0525ad08,Green,green,New Jersey,2024-05-17T05:38:08.892Z,,False
6646ed37a1869b0981256f3f,Green Brook,green-brook,New Jersey,2024-05-17T05:37:59.761Z,,False
6646ed3a264feeb057ecfce2,Greenwich,greenwich,New Jersey,2024-05-17T05:38:02.386Z,,False
6646ed2a6b4ad2d52426bf62,Guttenberg,guttenberg,New Jersey,2024-05-17T05:37:46.184Z,,False
6646ed20f649e649ef3f4867,Haddon,haddon,New Jersey,2024-05-17T05:37:36.408Z,,False
6646ed3469dfd70e3461559d,Haddon Heights,haddon-heights,New Jersey,2024-05-17T05:37:56.149Z,,False
6646ed258b8b2422f7c8baba,Haddonfield,haddonfield,New Jersey,2024-05-17T05:37:41.300Z,,False
6646ed38639ab414430211a5,Hainesport,hainesport,New Jersey,2024-05-17T05:38:00.491Z,,False
6646ed2ec1d1934d3d662147,Haledon,haledon,New Jersey,2024-05-17T05:37:50.750Z,,False
6646ed41a1869b09812575be,Hamburg,hamburg,New Jersey,2024-05-17T05:38:09.984Z,,False
6646ed21049e24b253c581f9,Hammonton,hammonton,New Jersey,2024-05-17T05:37:37.646Z,,False
6646ed3b8b8b2422f7c8ca5f,Hampton,hampton,New Jersey,2024-05-17T05:38:03.575Z,,False
6646ed226ca7861668afe08c,Hanover,hanover,New Jersey,2024-05-17T05:37:38.066Z,,False
6646ed404c513545cbf6ec00,Harding,harding,New Jersey,2024-05-17T05:38:08.093Z,,False
6646ed4c7a915b91186a75a0,Hardwick,hardwick,New Jersey,2024-05-17T05:38:20.349Z,,False
6646ed32344d79e99a1afd4d,Hardyston,hardyston,New Jersey,2024-05-17T05:37:54.085Z,,False
6646ed45840ca41ee336d2fa,Harmony,harmony,New Jersey,2024-05-17T05:38:13.382Z,,False
6646ed3cc1d1934d3d66284e,Harrington Park,harrington-park,New Jersey,2024-05-17T05:38:04.195Z,,False
6646ed1d5566b55aa52ffa6b,Harrison,harrison,New Jersey,2024-05-17T05:37:33.281Z,,False
6646ed4f8268cc28afdef068,Harvey Cedars,harvey-cedars,New Jersey,2024-05-17T05:38:23.354Z,,False
6646ed25b0234bc85afc0da7,Hasbrouck Heights,hasbrouck-heights,New Jersey,2024-05-17T05:37:41.848Z,,False
6646ed416ca7861668aff9be,Haworth,haworth,New Jersey,2024-05-17T05:38:09.963Z,,False
6646ed39c3c64052505a8385,Heights,heights,New Jersey,2024-05-17T05:38:01.104Z,,False
6646ed4569dfd70e34615d80,Helmetta,helmetta,New Jersey,2024-05-17T05:38:13.908Z,,False
6646ed4e81dc6b3a6d11370a,Hi-Nella,hi-nella,New Jersey,2024-05-17T05:38:22.230Z,,False
6646ed41af924fa4e005316f,High Bridge,high-bridge,New Jersey,2024-05-17T05:38:09.477Z,,False
6646ed21344d79e99a1af5a8,Highland Park,highland-park,New Jersey,2024-05-17T05:37:37.166Z,,False
6646ed3cd07b73b3e10c0ee3,Highlands,highlands,New Jersey,2024-05-17T05:38:04.893Z,,False
6646ed14c3c64052505a5df6,Hills,hills,New Jersey,2024-05-17T05:37:24.172Z,,False
6646ed2c6b4ad2d52426c0dc,Hillsdale,hillsdale,New Jersey,2024-05-17T05:37:48.243Z,,False
6646ed1b6474cb8171cbb767,Hillside,hillside,New Jersey,2024-05-17T05:37:31.039Z,,False
6646ed3fc79fdaa617179b70,Ho-Ho-Kus,ho-ho-kus,New Jersey,2024-05-17T05:38:07.028Z,,False
6646ed3b69dfd70e34615922,Holland,holland,New Jersey,2024-05-17T05:38:03.065Z,,False
6646ed2281dc6b3a6d11143c,Hopatcong,hopatcong,New Jersey,2024-05-17T05:37:38.329Z,,False
6646ed48f92d532c5c89c168,Hope,hope,New Jersey,2024-05-17T05:38:16.852Z,,False
6646ed1e639ab414430207c2,Hopewell,hopewell,New Jersey,2024-05-17T05:37:34.381Z,,False
6646ed3a6b4ad2d52426c827,Independence,independence,New Jersey,2024-05-17T05:38:02.519Z,,False
6646ed4e5566b55aa53017d6,Interlaken,interlaken,New Jersey,2024-05-17T05:38:22.548Z,,False
6646ed4bd97b33b289512ad8,Island Heights,island-heights,New Jersey,2024-05-17T05:38:19.717Z,,False
6646ed39c79fdaa617179822,Jamesburg,jamesburg,New Jersey,2024-05-17T05:38:01.969Z,,False
6646ed1ca76426f64c54d72f,Jefferson,jefferson,New Jersey,2024-05-17T05:37:32.169Z,,False
6646ed0f6474cb8171cbb1f0,Jersey,jersey,New Jersey,2024-05-17T05:37:19.248Z,,False
6646ed2c382783ffd0325d2c,Keansburg,keansburg,New Jersey,2024-05-17T05:37:48.769Z,,False
6646ed318d26c0890b7ce174,Kenilworth,kenilworth,New Jersey,2024-05-17T05:37:53.246Z,,False
6646ed35b0234bc85afc1ac0,Keyport,keyport,New Jersey,2024-05-17T05:37:57.028Z,,False
6646ed409ab7448da5f31521,Kingwood,kingwood,New Jersey,2024-05-17T05:38:08.138Z,,False
6646ed2cb0234bc85afc16e5,Kinnelon,kinnelon,New Jersey,2024-05-17T05:37:48.050Z,,False
6646ed43840ca41ee336d1e7,Knowlton,knowlton,New Jersey,2024-05-17T05:38:11.484Z,,False
6646ed45f92d532c5c89bfa8,Lafayette,lafayette,New Jersey,2024-05-17T05:38:13.684Z,,False
6646ed4a95970f23533d8986,Lake Como,lake-como,New Jersey,2024-05-17T05:38:18.698Z,,False
6646ed4481dc6b3a6d11321e,Lakehurst,lakehurst,New Jersey,2024-05-17T05:38:12.609Z,,False
6646ed3fc3c64052505a87a7,Lambertville,lambertville,New Jersey,2024-05-17T05:38:07.078Z,,False
6646ed4a7a915b91186a701d,Laurel Springs,laurel-springs,New Jersey,2024-05-17T05:38:18.475Z,,False
6646ed497a915b91186a6f27,Lavallette,lavallette,New Jersey,2024-05-17T05:38:16.018Z,,False
6646ed435566b55aa5301014,Lawnside,lawnside,New Jersey,2024-05-17T05:38:11.128Z,,False
6646ed158b8b2422f7c8b1b0,Lawrence,lawrence,New Jersey,2024-05-17T05:37:25.564Z,,False
6646ed37c79fdaa61717956f,Lebanon,lebanon,New Jersey,2024-05-17T05:37:59.891Z,,False
6646ed2d639ab41443020cc7,Leonia,leonia,New Jersey,2024-05-17T05:37:49.724Z,,False
6646ed44fc643045c20fd145,Liberty,liberty,New Jersey,2024-05-17T05:38:12.451Z,,False
6646ed296c143a6ac2d17688,Lincoln Park,lincoln-park,New Jersey,2024-05-17T05:37:45.922Z,,False
6646ed1b487f6ef8d2c5f5c0,Lindenwold,lindenwold,New Jersey,2024-05-17T05:37:31.675Z,,False
6646ed362e30b1d4b6071350,Linwood,linwood,New Jersey,2024-05-17T05:37:58.037Z,,False
6646ed1c5566b55aa52ffa24,Little Egg Harbor,little-egg-harbor,New Jersey,2024-05-17T05:37:32.124Z,,False
6646ed22c1d1934d3d661cf6,Little Falls,little-falls,New Jersey,2024-05-17T05:37:38.844Z,,False
6646ed298268cc28afdedc10,Little Ferry,little-ferry,New Jersey,2024-05-17T05:37:45.381Z,,False
6646ed38344d79e99a1b0011,Little Silver,little-silver,New Jersey,2024-05-17T05:38:00.329Z,,False
6646ed50ffd919d7c58d47b5,Loch Arbour,loch-arbour,New Jersey,2024-05-17T05:38:24.278Z,,False
6646ed38b2c458905ffc9c37,Logan,logan,New Jersey,2024-05-17T05:38:00.647Z,,False
6646ed42049e24b253c5933b,Long Beach,long-beach,New Jersey,2024-05-17T05:38:10.615Z,,False
6646ed30f97616d11977d99a,Long Hill,long-hill,New Jersey,2024-05-17T05:37:52.462Z,,False
6646ed4eb2e8ce909c2479e4,Longport,longport,New Jersey,2024-05-17T05:38:22.386Z,,False
6646ed2eb0234bc85afc1797,Lopatcong,lopatcong,New Jersey,2024-05-17T05:37:50.705Z,,False
6646ed1bb2c458905ffc81e3,Lower,lower,New Jersey,2024-05-17T05:37:31.442Z,,False
6646ed4b8d26c0890b7ced37,Lower Alloways Creek,lower-alloways-creek,New Jersey,2024-05-17T05:38:19.092Z,,False
6646ed240869d8afd59c34ab,Lumberton,lumberton,New Jersey,2024-05-17T05:37:40.206Z,,False
6646ed1a840ca41ee336b52c,Lyndhurst,lyndhurst,New Jersey,2024-05-17T05:37:30.980Z,,False
6646ed3e8c31f8bf8d71f661,Magnolia,magnolia,New Jersey,2024-05-17T05:38:06.411Z,,False
6646ed39ffd919d7c58d3c65,Manasquan,manasquan,New Jersey,2024-05-17T05:38:01.019Z,,False
6646ed49d07b73b3e10c155f,Mannington,mannington,New Jersey,2024-05-17T05:38:17.082Z,,False
6646ed2f69dfd70e34615082,Mansfield,mansfield,New Jersey,2024-05-17T05:37:51.926Z,,False
6646ed50a1869b0981257c19,Mantoloking,mantoloking,New Jersey,2024-05-17T05:38:24.001Z,,False
6646ed20ed32af8e45d5231c,Mantua,mantua,New Jersey,2024-05-17T05:37:36.842Z,,False
6646ed29d07b73b3e10c05d6,Manville,manville,New Jersey,2024-05-17T05:37:45.859Z,,False
6646ed1cc3c64052505a6fe9,Maple Shade,maple-shade,New Jersey,2024-05-17T05:37:32.700Z,,False
6646ed3aaf924fa4e0052e93,Margate,margate,New Jersey,2024-05-17T05:38:02.554Z,,False
6646ed2dda5d33f229a86ef3,Matawan,matawan,New Jersey,2024-05-17T05:37:49.044Z,,False
6646ed38ccef72f4b339f64b,Maurice River,maurice-river,New Jersey,2024-05-17T05:38:00.063Z,,False
6646ed2b5dc1556bdfa40ce4,Maywood,maywood,New Jersey,2024-05-17T05:37:47.282Z,,False
6646ed1bc80487a822b067fc,Medford,medford,New Jersey,2024-05-17T05:37:31.426Z,,False
6646ed3ea76426f64c54ea70,Medford Lakes,medford-lakes,New Jersey,2024-05-17T05:38:06.678Z,,False
6646ed38af924fa4e0052dea,Mendham,mendham,New Jersey,2024-05-17T05:38:00.797Z,,False
6646ed4095970f23533d815a,Merchantville,merchantville,New Jersey,2024-05-17T05:38:08.098Z,,False
6646ed218c31f8bf8d71e36f,Metuchen,metuchen,New Jersey,2024-05-17T05:37:37.347Z,,False
6646ed11095e6bbcabd27356,Middle,middle,New Jersey,2024-05-17T05:37:21.112Z,,False
6646ed22b438546bd211c3d0,Middlesex,middlesex,New Jersey,2024-05-17T05:37:38.111Z,,False
6646ed356ca7861668aff1b9,Midland Park,midland-park,New Jersey,2024-05-17T05:37:57.426Z,,False
6646ed4c6b4ad2d52426d05c,Milford,milford,New Jersey,2024-05-17T05:38:20.856Z,,False
6646ed35639ab41443021056,Mill,mill,New Jersey,2024-05-17T05:37:57.532Z,,False
6646ed2af649e649ef3f4e34,Millstone,millstone,New Jersey,2024-05-17T05:37:46.645Z,,False
6646ed17fc643045c20fbe72,Millville,millville,New Jersey,2024-05-17T05:37:27.800Z,,False
6646ed3f9ab7448da5f314bd,Mine Hill,mine-hill,New Jersey,2024-05-17T05:38:07.597Z,,False
6646ed42ed32af8e45d54778,Monmouth Beach,monmouth-beach,New Jersey,2024-05-17T05:38:10.672Z,,False
6646ed405566b55aa5300f98,Montague,montague,New Jersey,2024-05-17T05:38:08.353Z,,False
6646ed1a4a2f91daec16c637,Montgomery,montgomery,New Jersey,2024-05-17T05:37:29.976Z,,False
6646ed315566b55aa53003f8,Montvale,montvale,New Jersey,2024-05-17T05:37:53.008Z,,False
6646ed47f97616d11977de9d,Moonachie,moonachie,New Jersey,2024-05-17T05:38:15.516Z,,False
6646ed1e9324bf1d8ac17742,Moores,moores,New Jersey,2024-05-17T05:37:34.222Z,,False
6646ed1a095e6bbcabd27696,Morris,morris,New Jersey,2024-05-17T05:37:30.097Z,,False
6646ed38c3c64052505a831f,Morris Plains,morris-plains,New Jersey,2024-05-17T05:38:00.463Z,,False
6646ed396474cb8171cbc590,Mount Arlington,mount-arlington,New Jersey,2024-05-17T05:38:01.195Z,,False
6646ed3c6b4ad2d52426c8fc,Mount Ephraim,mount-ephraim,New Jersey,2024-05-17T05:38:04.930Z,,False
6646ed2c8e779d9dc7323ddb,Mount Holly,mount-holly,New Jersey,2024-05-17T05:37:48.239Z,,False
6646ed3db2e8ce909c2472b6,Mountain Lakes,mountain-lakes,New Jersey,2024-05-17T05:38:05.703Z,,False
6646ed35840ca41ee336c9c4,Mountainside,mountainside,New Jersey,2024-05-17T05:37:57.635Z,,False
6646ed398268cc28afdee502,Mullica,mullica,New Jersey,2024-05-17T05:38:01.549Z,,False
6646ed434dec8c3f0c9fb124,National Park,national-park,New Jersey,2024-05-17T05:38:11.189Z,,False
6646ed17c79fdaa6171785d2,Neptune,neptune,New Jersey,2024-05-17T05:37:27.348Z,,False
6646ed4130c52748b0311b45,Netcong,netcong,New Jersey,2024-05-17T05:38:09.464Z,,False
6646ed3429342da0d6455b38,New Hanover,new-hanover,New Jersey,2024-05-17T05:37:56.919Z,,False
6646ed1fe16eeb573bbf8919,New Milford,new-milford,New Jersey,2024-05-17T05:37:35.325Z,,False
6646ed22b28e17f046074434,New Providence,new-providence,New Jersey,2024-05-17T05:37:38.950Z,,False
6646ed498268cc28afdeed92,Newfield,newfield,New Jersey,2024-05-17T05:38:17.673Z,,False
6646ed1fa76426f64c54d8f8,North Arlington,north-arlington,New Jersey,2024-05-17T05:37:35.571Z,,False
6646ed11e16eeb573bbf843b,North Bergen,north-bergen,New Jersey,2024-05-17T05:37:21.250Z,,False
6646ed369d76df51b4a101af,North Caldwell,north-caldwell,New Jersey,2024-05-17T05:37:58.586Z,,False
6646ed2fa76426f64c54e1cb,North Haledon,north-haledon,New Jersey,2024-05-17T05:37:51.970Z,,False
6646ed32a76426f64c54e2bb,North Hanover,north-hanover,New Jersey,2024-05-17T05:37:54.634Z,,False
6646ed1a92e7badcc59ba9f8,North Plainfield,north-plainfield,New Jersey,2024-05-17T05:37:30.512Z,,False
6646ed40c1d1934d3d662a58,North Wildwood,north-wildwood,New Jersey,2024-05-17T05:38:08.657Z,,False
6646ed309240e04d9ea29cb6,Northfield,northfield,New Jersey,2024-05-17T05:37:52.998Z,,False
6646ed3d487f6ef8d2c6028b,Northvale,northvale,New Jersey,2024-05-17T05:38:05.445Z,,False
6646ed3a95970f23533d7efc,Norwood,norwood,New Jersey,2024-05-17T05:38:02.015Z,,False
6646ed25840ca41ee336beb0,Oakland,oakland,New Jersey,2024-05-17T05:37:41.003Z,,False
6646ed3ffc643045c20fcf35,Oaklyn,oaklyn,New Jersey,2024-05-17T05:38:07.750Z,,False
6646ed17af3833e0e71b4d6f,Ocean,ocean,New Jersey,2024-05-17T05:37:27.867Z,,False
6646ed4ad97b33b289512a40,Ocean Gate,ocean-gate,New Jersey,2024-05-17T05:38:18.895Z,,False
6646ed386ca7861668aff32e,Oceanport,oceanport,New Jersey,2024-05-17T05:38:00.146Z,,False
6646ed46095e6bbcabd2a931,Ogdensburg,ogdensburg,New Jersey,2024-05-17T05:38:14.663Z,,False
6646ed39af924fa4e0052e1f,Old Tappan,old-tappan,New Jersey,2024-05-17T05:38:01.318Z,,False
6646ed4af649e649ef3f6960,Oldmans,oldmans,New Jersey,2024-05-17T05:38:18.186Z,,False
6646ed31382783ffd0326937,Oradell,oradell,New Jersey,2024-05-17T05:37:53.827Z,,False
6646ed45b28e17f0460755ea,Oxford,oxford,New Jersey,2024-05-17T05:38:13.147Z,,False
6646ed1c5a3970b6a8272c6f,Palisades Park,palisades-park,New Jersey,2024-05-17T05:37:32.708Z,,False
6646ed34344d79e99a1afead,Palmyra,palmyra,New Jersey,2024-05-17T05:37:56.066Z,,False
6646ed2eb2c458905ffc8d95,Park Ridge,park-ridge,New Jersey,2024-05-17T05:37:50.203Z,,False
6646ed37d97b33b289511efb,Paulsboro,paulsboro,New Jersey,2024-05-17T05:37:59.945Z,,False
6646ed4429342da0d6456436,Peapack and Gladstone,peapack-and-gladstone,New Jersey,2024-05-17T05:38:12.885Z,,False
6646ed179240e04d9ea29033,Pemberton,pemberton,New Jersey,2024-05-17T05:37:27.814Z,,False
6646ed47f97616d11977dea4,Pennington,pennington,New Jersey,2024-05-17T05:38:15.526Z,,False
6646ed3b30c52748b031192a,Penns Grove,penns-grove,New Jersey,2024-05-17T05:38:03.938Z,,False
6646ed156474cb8171cbb396,Pennsauken,pennsauken,New Jersey,2024-05-17T05:37:25.191Z,,False
6646ed2495970f23533d73c6,Pennsville,pennsville,New Jersey,2024-05-17T05:37:40.535Z,,False
6646ed3f5a3970b6a8273f74,Pilesgrove,pilesgrove,New Jersey,2024-05-17T05:38:06.999Z,,False
6646ed45f649e649ef3f6047,Pine Beach,pine-beach,New Jersey,2024-05-17T05:38:13.812Z,,False
6646ed2a4a2f91daec16d5aa,Pine Hill,pine-hill,New Jersey,2024-05-17T05:37:46.714Z,,False
6646ed2f6ca7861668aff00b,Pitman,pitman,New Jersey,2024-05-17T05:37:51.767Z,,False
6646ed309d76df51b4a0fd4a,Pittsgrove,pittsgrove,New Jersey,2024-05-17T05:37:52.301Z,,False
6646ed19fc643045c20fbf03,Plainsboro,plainsboro,New Jersey,2024-05-17T05:37:29.448Z,,False
6646ed1c049e24b253c57e07,Pleasantville,pleasantville,New Jersey,2024-05-17T05:37:32.171Z,,False
6646ed31f649e649ef3f51bf,Plumsted,plumsted,New Jersey,2024-05-17T05:37:53.703Z,,False
6646ed42639ab4144302151b,Pohatcong,pohatcong,New Jersey,2024-05-17T05:38:10.446Z,,False
6646ed3ccc5d728e17bf0fb4,Point Pleasant Beach,point-pleasant-beach,New Jersey,2024-05-17T05:38:04.419Z,,False
6646ed28c1d1934d3d661eb1,Pompton Lakes,pompton-lakes,New Jersey,2024-05-17T05:37:44.997Z,,False
6646ed4daf924fa4e0053697,Port Republic,port-republic,New Jersey,2024-05-17T05:38:21.776Z,,False
6646ed374c513545cbf6e901,Prospect Park,prospect-park,New Jersey,2024-05-17T05:37:59.337Z,,False
6646ed445a3970b6a82741a8,Quinton,quinton,New Jersey,2024-05-17T05:38:12.861Z,,False
6646ed21b0234bc85afc0ab8,Ramsey,ramsey,New Jersey,2024-05-17T05:37:37.734Z,,False
6646ed1987c509232f15d209,Raritan,raritan,New Jersey,2024-05-17T05:37:29.992Z,,False
6646ed1fa76426f64c54d907,Readington,readington,New Jersey,2024-05-17T05:37:35.641Z,,False
6646ed239d76df51b4a0f936,Red Bank,red-bank,New Jersey,2024-05-17T05:37:39.778Z,,False
6646ed288c31f8bf8d71e733,Ridgefield,ridgefield,New Jersey,2024-05-17T05:37:44.522Z,,False
6646ed2369dfd70e34614641,Ridgefield Park,ridgefield-park,New Jersey,2024-05-17T05:37:39.626Z,,False
6646ed2769dfd70e346148e6,Ringwood,ringwood,New Jersey,2024-05-17T05:37:43.973Z,,False
6646ed28639ab41443020ab8,River Edge,river-edge,New Jersey,2024-05-17T05:37:44.167Z,,False
6646ed2c6c143a6ac2d176ff,River Vale,river-vale,New Jersey,2024-05-17T05:37:48.506Z,,False
6646ed3f6c143a6ac2d18038,Riverdale,riverdale,New Jersey,2024-05-17T05:38:07.214Z,,False
6646ed326474cb8171cbc1e0,Riverside,riverside,New Jersey,2024-05-17T05:37:54.546Z,,False
6646ed444c513545cbf6edd6,Riverton,riverton,New Jersey,2024-05-17T05:38:12.045Z,,False
6646ed2092e7badcc59bae31,Robbinsville,robbinsville,New Jersey,2024-05-17T05:37:36.380Z,,False
6646ed398e779d9dc73242f0,Rochelle Park,rochelle-park,New Jersey,2024-05-17T05:38:01.793Z,,False
6646ed4ff649e649ef3f6c32,Rockleigh,rockleigh,New Jersey,2024-05-17T05:38:23.359Z,,False
6646ed4fb438546bd211dd28,Rocky Hill,rocky-hill,New Jersey,2024-05-17T05:38:23.359Z,,False
6646ed4dd97b33b289512db3,Roosevelt,roosevelt,New Jersey,2024-05-17T05:38:21.383Z,,False
6646ed37639ab41443021136,Roseland,roseland,New Jersey,2024-05-17T05:37:59.576Z,,False
6646ed1a4c513545cbf6df06,Roselle,roselle,New Jersey,2024-05-17T05:37:30.570Z,,False
6646ed22b28e17f046074431,Roselle Park,roselle-park,New Jersey,2024-05-17T05:37:38.944Z,,False
6646ed34382783ffd03269ff,Rumson,rumson,New Jersey,2024-05-17T05:37:56.405Z,,False
6646ed318e779d9dc7323f9c,Runnemede,runnemede,New Jersey,2024-05-17T05:37:53.509Z,,False
6646ed22fc643045c20fc263,Saddle Brook,saddle-brook,New Jersey,2024-05-17T05:37:38.595Z,,False
6646ed4187c509232f15e69c,Saddle River,saddle-river,New Jersey,2024-05-17T05:38:09.920Z,,False
6646ed474dec8c3f0c9fb41c,Sandyston,sandyston,New Jersey,2024-05-17T05:38:15.782Z,,False
6646ed4b840ca41ee336d7dc,Sea Bright,sea-bright,New Jersey,2024-05-17T05:38:19.484Z,,False
6646ed47d07b73b3e10c150c,Sea Girt,sea-girt,New Jersey,2024-05-17T05:38:15.692Z,,False
6646ed47c79fdaa617179fa7,Sea Isle,sea-isle,New Jersey,2024-05-17T05:38:15.293Z,,False
6646ed47154e496e0525b0cb,Seaside Heights,seaside-heights,New Jersey,2024-05-17T05:38:15.836Z,,False
6646ed49fc643045c20fd3a2,Seaside Park,seaside-park,New Jersey,2024-05-17T05:38:17.763Z,,False
6646ed368b8b2422f7c8c836,Shamong,shamong,New Jersey,2024-05-17T05:37:58.681Z,,False
6646ed50ccef72f4b33a0e6f,Shiloh,shiloh,New Jersey,2024-05-17T05:38:24.124Z,,False
6646ed4db2c458905ffcc61b,Ship Bottom,ship-bottom,New Jersey,2024-05-17T05:38:21.548Z,,False
6646ed3eb438546bd211d3bb,Shrewsbury,shrewsbury,New Jersey,2024-05-17T05:38:06.997Z,,False
6646ed3aa76426f64c54e8e7,Somerdale,somerdale,New Jersey,2024-05-17T05:38:02.112Z,,False
6646ed2a87c509232f15db37,Somers Point,somers-point,New Jersey,2024-05-17T05:37:46.417Z,,False
664d116788cbdaf92e0ff82c,Somerset,somerset,New Jersey,2024-05-21T21:25:59.666Z,,False
6646ed2d4dec8c3f0c9fa112,South Amboy,south-amboy,New Jersey,2024-05-17T05:37:49.506Z,,False
6646ed3cb0234bc85afc1fb4,South Bound Brook,south-bound-brook,New Jersey,2024-05-17T05:38:04.052Z,,False
6646ed43da5d33f229a87528,South Hackensack,south-hackensack,New Jersey,2024-05-17T05:38:11.649Z,,False
6646ed414c513545cbf6ecec,South Harrison,south-harrison,New Jersey,2024-05-17T05:38:09.949Z,,False
6646ed19c79fdaa6171786d3,South Plainfield,south-plainfield,New Jersey,2024-05-17T05:37:29.458Z,,False
6646ed1f5dc1556bdfa4016a,South River,south-river,New Jersey,2024-05-17T05:37:35.719Z,,False
6646ed40487f6ef8d2c60771,South Toms River,south-toms-river,New Jersey,2024-05-17T05:38:08.688Z,,False
6646ed2a81dc6b3a6d1117ff,Southampton,southampton,New Jersey,2024-05-17T05:37:46.794Z,,False
6646ed325a3970b6a827360f,Spotswood,spotswood,New Jersey,2024-05-17T05:37:54.094Z,,False
6646ed4387c509232f15e9a3,Spring Lake,spring-lake,New Jersey,2024-05-17T05:38:11.847Z,,False
6646ed3b6ca7861668aff4c5,Spring Lake Heights,spring-lake-heights,New Jersey,2024-05-17T05:38:03.793Z,,False
6646ed1e81dc6b3a6d111231,Springfield,springfield,New Jersey,2024-05-17T05:37:34.921Z,,False
6646ed41154e496e0525ad7d,Stanhope,stanhope,New Jersey,2024-05-17T05:38:09.488Z,,False
6646ed3f8c31f8bf8d71f768,Stillwater,stillwater,New Jersey,2024-05-17T05:38:07.606Z,,False
6646ed4f9d76df51b4a10f64,Stockton,stockton,New Jersey,2024-05-17T05:38:23.404Z,,False
6646ed4eaf924fa4e00536b6,Stone Harbor,stone-harbor,New Jersey,2024-05-17T05:38:22.086Z,,False
6646ed4dfc643045c20fd523,Stow Creek,stow-creek,New Jersey,2024-05-17T05:38:21.042Z,,False
6646ed354dec8c3f0c9fa831,Stratford,stratford,New Jersey,2024-05-17T05:37:57.852Z,,False
6646ed4c639ab41443021c60,Surf,surf,New Jersey,2024-05-17T05:38:20.548Z,,False
6646ed4875169877c6fa114e,Sussex,sussex,New Jersey,2024-05-17T05:38:16.308Z,,False
6646ed440ca42be34dd60255,Swedesboro,swedesboro,New Jersey,2024-05-17T05:38:12.235Z,,False
6646ed3629342da0d6455c0a,Tabernacle,tabernacle,New Jersey,2024-05-17T05:37:58.381Z,,False
6646ed5087c509232f15f2f0,Tavistock,tavistock,New Jersey,2024-05-17T05:38:24.555Z,,False
6646ed209d76df51b4a0f826,Tenafly,tenafly,New Jersey,2024-05-17T05:37:36.495Z,,False
6646ed50c3c64052505a9139,Teterboro,teterboro,New Jersey,2024-05-17T05:38:24.420Z,,False
6646ed389240e04d9ea2a395,Tewksbury,tewksbury,New Jersey,2024-05-17T05:38:00.980Z,,False
6646ed29a76426f64c54df10,Totowa,totowa,New Jersey,2024-05-17T05:37:45.275Z,,False
6646ed41c79fdaa617179cde,Tuckerton,tuckerton,New Jersey,2024-05-17T05:38:09.361Z,,False
6646ed3b941c997a34d435cf,Union Beach,union-beach,New Jersey,2024-05-17T05:38:03.106Z,,False
6646ed25639ab414430209da,Upper,upper,New Jersey,2024-05-17T05:37:41.738Z,,False
6646ed33da5d33f229a870ef,Upper Deerfield,upper-deerfield,New Jersey,2024-05-17T05:37:55.865Z,,False
6646ed34b0234bc85afc1a7a,Upper Freehold,upper-freehold,New Jersey,2024-05-17T05:37:56.530Z,,False
6646ed41d97b33b289512238,Upper Pittsgrove,upper-pittsgrove,New Jersey,2024-05-17T05:38:09.476Z,,False
6646ed315566b55aa5300489,Upper Saddle River,upper-saddle-river,New Jersey,2024-05-17T05:37:53.494Z,,False
6646ed2d30c52748b03111d0,Ventnor,ventnor,New Jersey,2024-05-17T05:37:49.518Z,,False
6646ed227a915b91186a5388,Verona,verona,New Jersey,2024-05-17T05:37:38.034Z,,False
6646ed4a6474cb8171cbcbe9,Victory Gardens,victory-gardens,New Jersey,2024-05-17T05:38:18.393Z,,False
6646ed2b6474cb8171cbbe75,Waldwick,waldwick,New Jersey,2024-05-17T05:37:47.164Z,,False
6646ed27941c997a34d41300,Wallington,wallington,New Jersey,2024-05-17T05:37:43.378Z,,False
6646ed508c31f8bf8d71fe6c,Walpack,walpack,New Jersey,2024-05-17T05:38:24.570Z,,False
6646ed288268cc28afdedb98,Wanaque,wanaque,New Jersey,2024-05-17T05:37:44.725Z,,False
6646ed2af97616d11977d7bc,Wantage,wantage,New Jersey,2024-05-17T05:37:46.240Z,,False
6646ed1ff92d532c5c89ae78,Warren,warren,New Jersey,2024-05-17T05:37:35.850Z,,False
6646ed129ab7448da5f2efce,Washington,washington,New Jersey,2024-05-17T05:37:22.666Z,,False
6646ed364c513545cbf6e8b3,Watchung,watchung,New Jersey,2024-05-17T05:37:58.940Z,,False
6646ed2afc643045c20fc5f5,Waterford,waterford,New Jersey,2024-05-17T05:37:46.468Z,,False
6646ed1ee79f610b73434af8,Weehawken,weehawken,New Jersey,2024-05-17T05:37:34.971Z,,False
6646ed46da5d33f229a875da,Wenonah,wenonah,New Jersey,2024-05-17T05:38:14.923Z,,False
6646ed4392e7badcc59be2b0,West Amwell,west-amwell,New Jersey,2024-05-17T05:38:11.304Z,,False
6646ed299ab7448da5f306e3,West Caldwell,west-caldwell,New Jersey,2024-05-17T05:37:45.908Z,,False
6646ed4d4dec8c3f0c9fb6bd,West Cape May,west-cape-may,New Jersey,2024-05-17T05:38:21.807Z,,False
6646ed1b87c509232f15d371,West Deptford,west-deptford,New Jersey,2024-05-17T05:37:31.130Z,,False
6646ed31e79f610b734357f8,West Long Branch,west-long-branch,New Jersey,2024-05-17T05:37:53.167Z,,False
6646ed4fffd919d7c58d47a3,West Wildwood,west-wildwood,New Jersey,2024-05-17T05:38:23.944Z,,False
6646ed169d76df51b4a0f2bf,West Windsor,west-windsor,New Jersey,2024-05-17T05:37:26.825Z,,False
6646ed2e8e779d9dc7323eaf,Westampton,westampton,New Jersey,2024-05-17T05:37:50.164Z,,False
6646ed3e9ab7448da5f3141b,Westville,westville,New Jersey,2024-05-17T05:38:06.520Z,,False
6646ed288d26c0890b7cdd28,Westwood,westwood,New Jersey,2024-05-17T05:37:44.755Z,,False
6646ed44cc5d728e17bf127c,Weymouth,weymouth,New Jersey,2024-05-17T05:38:12.750Z,,False
6646ed34639ab41443021019,Wharton,wharton,New Jersey,2024-05-17T05:37:56.882Z,,False
6646ed3c81dc6b3a6d11244f,White,white,New Jersey,2024-05-17T05:38:04.940Z,,False
6646ed3bfc643045c20fcc90,Wildwood,wildwood,New Jersey,2024-05-17T05:38:03.066Z,,False
6646ed4381dc6b3a6d112d5b,Wildwood Crest,wildwood-crest,New Jersey,2024-05-17T05:38:11.010Z,,False
6646ed4b9240e04d9ea2b181,Winfield,winfield,New Jersey,2024-05-17T05:38:19.947Z,,False
6646ed2b9ab7448da5f308cc,Wood-Ridge,wood-ridge,New Jersey,2024-05-17T05:37:47.874Z,,False
6646ed46b0234bc85afc236e,Woodbine,woodbine,New Jersey,2024-05-17T05:38:14.423Z,,False
6646ed2b154e496e0525a4e9,Woodbury,woodbury,New Jersey,2024-05-17T05:37:47.750Z,,False
6646ed43ccef72f4b33a02d4,Woodbury Heights,woodbury-heights,New Jersey,2024-05-17T05:38:11.112Z,,False
6646ed388268cc28afdee427,Woodcliff Lake,woodcliff-lake,New Jersey,2024-05-17T05:38:00.583Z,,False
6646ed4c6474cb8171cbcc85,Woodland,woodland,New Jersey,2024-05-17T05:38:20.067Z,,False
6646ed25639ab414430209b3,Woodland Park,woodland-park,New Jersey,2024-05-17T05:37:41.412Z,,False
6646ed43b438546bd211d520,Woodlynne,woodlynne,New Jersey,2024-05-17T05:38:11.595Z,,False
6646ed404dec8c3f0c9fadff,Woods,woods,New Jersey,2024-05-17T05:38:08.582Z,,False
6646ed24c1d1934d3d661dab,Woolwich,woolwich,New Jersey,2024-05-17T05:37:40.675Z,,False
6646ed4f344d79e99a1b0d1c,Wrights,wrights,New Jersey,2024-05-17T05:38:23.783Z,,False
6646ed1ef9506626a0e19cfd,Wyckoff,wyckoff,New Jersey,2024-05-17T05:37:34.892Z,,False
