post,generic_links,g_early-intervention,g_parent-training,g_behavior-support,g_transition-planning,state_links,sig_nj,sig_ga,sig_nc,best_state
/post/aba-therapy-for-thirteen-year-old,1,0,1,0,0,0,3,5,3,georgia
/post/aba-therapy-services-in-georgia-overview,1,1,0,0,0,0,2,44,2,georgia
/post/aba-therapy-to-reduce-escape-maintained-behaviors,2,0,1,1,0,0,2,4,2,georgia
/post/aba-vs-abab-design-in-aba,0,0,0,0,0,0,4,6,4,georgia
/post/activities-for-autistic-teenagers,1,0,1,0,0,0,3,5,3,georgia
/post/addressing-sensory-seeking-behaviors-in-therapy,1,0,0,1,0,0,2,4,2,georgia
/post/applied-behavior-analysis-books-to-read,1,0,0,1,0,0,1,3,1,georgia
/post/are-autistic-people-better-at-logical-thinking,1,1,0,0,0,0,1,3,1,georgia
/post/are-online-autism-tests-accurate,1,1,0,0,0,0,2,4,2,georgia
/post/autism-and-addictions-close-connection,1,0,0,1,0,0,2,4,2,georgia
/post/autism-and-bed-wetting,1,0,0,1,0,0,2,4,2,georgia
/post/autism-and-bipolar-disorder,1,0,0,1,0,0,2,4,1,georgia
/post/autism-and-cancer,1,0,0,1,0,0,1,3,1,georgia
/post/autism-and-cognitive-behavioral-therapy-cbt,1,1,0,0,0,0,2,4,2,georgia
/post/autism-and-deafness,1,0,0,1,0,0,1,3,1,georgia
/post/autism-and-equine-therapy,0,0,0,0,0,0,2,4,2,georgia
/post/autism-and-gluten-free-casein-free-gfcf-diet,1,0,1,0,0,0,2,4,2,georgia
/post/autism-and-head-size,1,0,0,1,0,0,1,3,1,georgia
/post/autism-and-impulse-control,2,0,1,1,0,0,1,3,1,georgia
/post/autism-and-meditation,1,0,0,1,0,0,1,3,1,georgia
/post/autism-and-narcissism,1,0,0,1,0,0,2,4,2,georgia
/post/autism-and-prenatal-development,1,0,0,1,0,0,1,3,1,georgia
/post/autism-and-schizophrenia,1,0,0,1,0,0,2,4,2,georgia
/post/autism-and-testosterone,1,0,0,1,0,0,1,3,1,georgia
/post/autism-and-tics,1,0,0,1,0,0,1,3,1,georgia
/post/autism-and-vocational-training,1,0,0,0,1,0,1,3,1,georgia
/post/autism-and-yoga,1,0,0,1,0,0,1,3,1,georgia
/post/autism-behavior-consultants,0,0,0,0,0,0,2,4,2,georgia
/post/autism-diagnostic-criteria-dsm-5,1,1,0,0,0,0,4,6,4,georgia
/post/autism-facial-expressions,1,1,0,0,0,0,1,3,1,georgia
/post/autism-gene-therapy,1,0,0,1,0,0,2,4,2,georgia
/post/autism-heart,1,0,0,1,0,0,2,4,2,georgia
/post/autism-in-europe,1,1,0,0,0,0,2,4,2,georgia
/post/autism-in-italy,1,1,0,0,0,0,3,4,2,georgia
/post/autism-life-expectancy-level-one,1,1,0,0,0,0,2,4,2,georgia
/post/autism-noise-sensitivity,1,0,0,1,0,0,2,4,2,georgia
/post/autism-nursing-care-plan,1,0,0,1,0,0,2,4,2,georgia
/post/autism-obsessions,2,0,1,1,0,0,2,4,2,georgia
/post/autism-physical-traits,1,1,0,0,0,0,2,4,2,georgia
/post/autism-prevalence-in-north-carolina,1,1,0,0,0,0,1,3,25,north-carolina
/post/autism-risk-calculator,1,1,0,0,0,0,2,4,2,georgia
/post/autism-routines,2,0,1,1,0,0,1,3,1,georgia
/post/autism-screening-during-pregnancy,1,0,0,1,0,0,4,6,4,georgia
/post/autism-services-for-adults-in-arizona,2,1,0,1,0,0,3,4,2,georgia
/post/autism-severe-behavior-problems,2,0,1,1,0,0,1,3,1,georgia
/post/autism-stimming-behaviors,1,0,0,1,0,0,2,4,2,georgia
/post/autism-symbols-and-colors,1,0,1,0,0,0,2,4,2,georgia
/post/autism-toe-walking,1,0,0,1,0,0,2,4,2,georgia
/post/autism-treatment-breakthrough,1,1,0,0,0,0,2,4,2,georgia
/post/autism-treatment-evaluation-checklist,1,0,0,0,1,0,4,6,4,georgia
/post/autism-treatment-expenses,1,1,0,0,0,0,9,8,6,new-jersey
/post/autism-treatment-for-adults,1,1,0,0,0,0,2,4,2,georgia
/post/autism-unemployment-rate,0,0,0,0,0,0,2,4,2,georgia
/post/autism-violent-behaviors,2,0,1,1,0,0,2,4,2,georgia
/post/autistic-brain-vs-normal-brain,1,1,0,0,0,0,2,4,2,georgia
/post/autistic-savant,1,1,0,0,0,0,2,4,2,georgia
/post/average-cost-of-autism-treatment,1,1,0,0,0,0,12,11,9,new-jersey
/post/behavior-cusp,0,0,0,0,0,0,2,4,2,georgia
/post/behavioral-skills-training-in-aba-therapy,1,0,0,1,0,0,1,3,1,georgia
/post/behavioral-strategies-for-improving-social-interactions-in-children-with-autism,1,0,0,1,0,0,2,4,2,georgia
/post/best-dogs-for-autism,1,0,1,0,0,0,2,4,2,georgia
/post/building-communication-skills-through-augmentative-and-alternative-communication-aac,1,1,0,0,0,0,1,3,1,georgia
/post/calming-sensory-room-ideas-for-autism,1,0,0,1,0,0,2,4,1,georgia
/post/camel-milk-for-autism,1,1,0,0,0,0,2,4,2,georgia
/post/can-autistic-people-have-kids,1,0,1,0,0,0,2,4,2,georgia
/post/can-emfs-cause-autism,1,1,0,0,0,0,1,3,1,georgia
/post/can-i-put-my-autistic-child-into-care,1,0,1,0,0,0,1,3,1,georgia
/post/can-sign-language-help-with-autism,1,1,0,0,0,0,3,5,3,georgia
/post/can-you-join-the-military-with-autism,1,0,1,0,0,0,2,4,2,georgia
/post/colleges-for-autistic-students,1,0,0,0,1,0,10,3,1,new-jersey
/post/continuous-vs-discontinuous-measurement-in-aba,0,0,0,0,0,0,2,4,2,georgia
/post/cost-of-aba-therapy-for-autism,1,0,1,0,0,0,7,9,7,georgia
/post/creating-an-effective-treatment-plan-for-children-with-autism,0,0,0,0,0,0,2,4,2,georgia
/post/creating-behavioral-goals-for-children-with-autism,1,0,0,1,0,0,2,4,2,georgia
/post/dairy-and-autism,1,0,0,1,0,0,2,4,2,georgia
/post/degrees-best-for-autistic-students,1,0,1,0,0,0,3,4,2,georgia
/post/developing-individualized-behavioral-intervention-plans-for-children,1,0,0,1,0,0,2,4,2,georgia
/post/developing-life-skills-for-teens-with-autism-preparing-for-adulthood,1,0,0,0,1,0,1,3,1,georgia
/post/do-amish-kids-get-autism,0,0,0,0,0,0,2,4,2,georgia
/post/do-autistic-people-get-married,1,0,1,0,0,0,2,4,2,georgia
/post/do-autistic-people-know-theyre-autistic,1,0,1,0,0,0,1,3,1,georgia
/post/does-aba-therapy-work,0,0,0,0,0,0,2,4,2,georgia
/post/does-autism-affect-life-span,1,1,0,0,0,0,2,4,2,georgia
/post/does-emotional-neglect-cause-autism,1,1,0,0,0,0,1,3,1,georgia
/post/does-my-5-year-old-have-behavioral-problems,2,0,1,1,0,0,4,6,4,georgia
/post/dsm-6-release-date,1,1,0,0,0,0,2,4,2,georgia
/post/early-signs-of-autism-in-babies-and-kids,1,1,0,0,0,0,4,6,4,georgia
/post/effective-parent-training-techniques-in-aba,1,0,1,0,0,0,4,6,4,georgia
/post/errorless-learning-in-aba,1,1,0,0,0,0,2,4,2,georgia
/post/examples-of-smart-goals-students-autism,1,0,1,0,0,0,1,3,1,georgia
/post/facial-grimacing-in-autism,1,0,0,1,0,0,2,4,2,georgia
/post/famous-politicians-with-autism,1,0,1,0,0,0,2,4,2,georgia
/post/four-functions-behavior-in-aba-therapy,2,0,1,1,0,0,2,4,2,georgia
/post/free-rbt-training-near-you,0,0,0,0,0,0,2,4,2,georgia
/post/free-sensory-toys-for-autism,1,0,0,1,0,0,3,5,3,georgia
/post/genetic-counseling-for-autism,1,1,0,0,0,0,1,3,1,georgia
/post/goals-setting-aba-therapy,1,0,1,0,0,0,1,3,1,georgia
/post/helping-children-with-autism-navigate-emotional-challenges,1,0,0,1,0,0,2,4,2,georgia
/post/high-functioning-autism-life-span,0,0,0,0,0,0,2,4,2,georgia
/post/history-and-timeline-of-autism,1,1,0,0,0,0,1,3,1,georgia
/post/how-aba-therapy-addresses-food-selectivity-in-children-with-autism,2,0,1,1,0,0,1,3,1,georgia
/post/how-aba-therapy-can-support-children-with-selective-mutism,2,0,1,1,0,0,2,4,2,georgia
/post/how-aba-therapy-reduces-perseveration-on-preferred-topics,2,0,1,1,0,0,1,3,1,georgia
/post/how-aba-therapy-supports-children-with-emotional-and-behavioral-disorders,1,0,0,1,0,0,1,3,1,georgia
/post/how-access-school-based-aba-therapy-in-georgia,0,0,0,0,0,0,1,46,1,georgia
/post/how-autism-affect-emotional-development,1,0,0,1,0,0,1,3,1,georgia
/post/how-autism-affects-daily-life-adults,1,0,0,0,1,0,3,5,3,georgia
/post/how-behavior-technicians-use-observation-to-inform-treatment-adjustments,0,0,0,0,0,0,1,3,1,georgia
/post/how-behavioral-therapy-helps-with-impulse-control-in-children,2,0,1,1,0,0,2,4,2,georgia
/post/how-behavioral-therapy-programs-address-defiant-behaviors,2,0,1,1,0,0,2,4,2,georgia
/post/how-collaborative-problem-solving-enhances-communication-in-asd,1,0,0,0,1,0,1,3,1,georgia
/post/how-culture-and-diversity-impact-aba-therapy-outcomes,1,0,1,0,0,0,1,3,1,georgia
/post/how-do-autistic-people-see-the-world,1,0,1,0,0,0,2,4,2,georgia
/post/how-do-you-get-an-autistic-child-to-keep-their-shoes-on,1,0,1,0,0,0,2,4,2,georgia
/post/how-functional-communication-training-reduces-problem-behaviors,2,0,0,2,0,0,2,4,2,georgia
/post/how-georgia-laws-support-autism-services,1,0,1,0,0,0,1,55,1,georgia
/post/how-much-autism-evaluation-cost,1,1,0,0,0,0,6,8,6,georgia
/post/how-much-is-aba-therapy-with-insurance,0,0,0,0,0,0,9,12,9,georgia
/post/how-much-is-autism-benefits,0,0,0,0,0,0,6,8,6,georgia
/post/how-peer-mediated-interventions-enhance-social-interactions-for-children-with-autism,1,0,0,1,0,0,2,4,2,georgia
/post/how-structured-teaching-methods-benefit-children-with-asd,0,0,0,0,0,0,2,4,2,georgia
/post/how-to-address-attention-challenges-in-children-with-autism,2,0,1,1,0,0,1,3,1,georgia
/post/how-to-address-challenging-behavior-with-behavioral-momentum,2,0,1,1,0,0,2,4,2,georgia
/post/how-to-address-fear-and-anxiety-in-children-with-autism,1,0,0,1,0,0,1,3,1,georgia
/post/how-to-address-non-compliance-using-aba-therapy,2,0,1,1,0,0,2,4,2,georgia
/post/how-to-address-repetitive-behaviors-in-autism,2,0,1,1,0,0,2,4,2,georgia
/post/how-to-address-sensory-aversions-to-clothing,1,0,0,1,0,0,2,4,2,georgia
/post/how-to-address-stereotypical-behaviors-in-children-with-autism,2,0,1,1,0,0,2,4,2,georgia
/post/how-to-create-an-effective-behavior-intervention-plan-bip,2,0,1,1,0,0,2,4,2,georgia
/post/how-to-create-social-opportunities-for-children-with-autism-in-the-community,1,0,0,1,0,0,1,3,1,georgia
/post/how-to-encourage-cooperative-play-in-children-with-asd,1,0,0,1,0,0,3,5,3,georgia
/post/how-to-encourage-imitation-skills-in-young-children-with-asd,2,1,1,0,0,0,4,6,4,georgia
/post/how-to-encourage-self-expression-through-art,1,0,0,1,0,0,4,6,4,georgia
/post/how-to-encourage-shared-enjoyment-in-social-activities-for-autism,1,0,0,1,0,0,3,5,3,georgia
/post/how-to-foster-collaboration-between-schools-and-families-for-children-with-autism,1,0,1,0,0,0,2,4,2,georgia
/post/how-to-foster-creativity-in-children-with-autism,1,0,1,0,0,0,1,3,1,georgia
/post/how-to-foster-generalization-of-learned-skills,0,0,0,0,0,0,2,4,2,georgia
/post/how-to-handle-regression-in-learned-skills,1,0,0,1,0,0,1,3,1,georgia
/post/how-to-handle-sensory-overload-situations,1,0,0,1,0,0,2,4,2,georgia
/post/how-to-help-children-with-autism-develop-peer-relationships,1,0,0,1,0,0,1,3,1,georgia
/post/how-to-help-children-with-autism-understand-and-express-emotions,1,0,0,1,0,0,1,3,1,georgia
/post/how-to-integrate-aba-strategies-during-mealtime-and-snack-time,1,0,0,0,1,0,1,3,1,georgia
/post/how-to-introduce-new-foods-to-children-with-sensory-sensitivities,1,0,0,1,0,0,2,4,2,georgia
/post/how-to-manage-aggressive-behavior-in-children-with-autism-using-aba,2,0,1,1,0,0,4,6,4,georgia
/post/how-to-manage-behavior-in-the-classroom-using-aba,1,0,0,0,1,0,3,5,3,georgia
/post/how-to-manage-screen-time-for-children-with-autism,1,0,0,0,1,0,3,5,3,georgia
/post/how-to-modify-the-environment-to-support-aba-therapy,1,0,1,0,0,0,2,4,2,georgia
/post/how-to-prevent-autism,1,1,0,0,0,0,2,4,2,georgia
/post/how-to-promote-self-esteem-in-children-with-autism,1,0,0,1,0,0,1,3,1,georgia
/post/how-to-support-advocacy-efforts-for-autism-awareness-and-acceptance,1,0,1,0,0,0,1,3,1,georgia
/post/how-to-support-children-with-autism-during-changes-in-routine,1,0,1,0,0,0,1,3,1,georgia
/post/how-to-support-children-with-autism-in-group-settings,1,0,1,0,0,0,1,3,1,georgia
/post/how-to-support-children-with-autism-in-overcoming-social-challenges,1,0,0,1,0,0,1,3,1,georgia
/post/how-to-support-teenagers-with-autism-in-building-friendships,1,0,0,1,0,0,3,5,3,georgia
/post/how-to-support-transitions-to-new-schools,2,0,0,0,2,0,2,4,2,georgia
/post/how-to-talk-to-someone-with-high-functioning-autism,1,0,1,0,0,0,1,3,1,georgia
/post/how-to-teach-adaptive-behavior-skills-through-aba-therapy,3,1,1,1,0,0,2,4,2,georgia
/post/how-to-teach-children-to-advocate-for-their-needs,1,0,0,0,1,0,1,3,1,georgia
/post/how-to-teach-children-to-ask-for-help-appropriately,1,0,0,0,1,0,1,3,1,georgia
/post/how-to-teach-children-with-autism-to-accept-no,2,0,1,1,0,0,2,4,2,georgia
/post/how-to-teach-children-with-autism-to-follow-social-rules,1,0,0,1,0,0,3,5,3,georgia
/post/how-to-teach-children-with-autism-to-recognize-danger,1,0,0,0,1,0,2,4,2,georgia
/post/how-to-teach-conflict-resolution-skills-to-children-with-asd,1,0,0,0,1,0,1,3,1,georgia
/post/how-to-teach-coping-strategies-for-frustration,1,0,0,1,0,0,3,5,3,georgia
/post/how-to-teach-effective-problem-solving-skills-to-children-with-autism,1,0,0,0,1,0,1,3,1,georgia
/post/how-to-teach-emotional-regulation-skills-using-aba-therapy,1,0,0,1,0,0,1,3,1,georgia
/post/how-to-teach-functional-academics-to-older-children,2,0,0,0,2,0,2,4,2,georgia
/post/how-to-teach-money-management-skills-to-teens-with-asd,1,0,0,0,1,0,3,5,3,georgia
/post/how-to-teach-organizational-skills-to-children-with-asd,1,0,0,0,1,0,1,3,1,georgia
/post/how-to-teach-personal-hygiene-skills-effectively,2,0,0,0,2,0,2,4,2,georgia
/post/how-to-teach-safety-skills-through-aba-therapy,1,0,0,0,1,0,1,3,1,georgia
/post/how-to-teach-self-management-skills-using-aba,1,0,0,1,0,0,3,5,3,georgia
/post/how-to-teach-social-skills-using-role-play-and-aba-techniques,1,0,0,1,0,0,1,3,1,georgia
/post/how-to-teach-time-management-skills-to-teens-with-autism,1,0,0,0,1,0,3,5,3,georgia
/post/how-to-teach-tolerance-to-delays-and-delayed-gratification-using-aba,0,0,0,0,0,0,2,4,2,georgia
/post/how-to-track-progress-effectively-in-therapy,1,0,1,0,0,0,2,4,2,georgia
/post/how-to-use-aba-therapy-to-improve-peer-interactions,1,0,0,1,0,0,1,3,1,georgia
/post/how-to-use-behavioral-contracts-in-aba-therapy,2,0,0,2,0,0,2,4,2,georgia
/post/how-to-use-gamified-learning-to-teach-life-skills-to-children-with-asd,1,0,0,0,1,0,1,3,1,georgia
/post/how-to-use-naturalistic-teaching-methods-for-communication-skills-development,0,0,0,0,0,0,2,4,2,georgia
/post/how-to-use-social-stories-to-support-social-skills-development,1,0,0,1,0,0,2,4,2,georgia
/post/how-to-use-token-systems-to-teach-new-skills-to-children-with-autism,0,0,0,0,0,0,2,4,2,georgia
/post/hyperfixation-in-autism,1,0,0,1,0,0,2,4,2,georgia
/post/icd-10-code-for-autism,1,1,0,0,0,0,2,4,2,georgia
/post/iep-vs-504-plan-for-autism,3,0,1,1,1,0,5,7,5,georgia
/post/is-aba-therapy-covered-by-insurance-north-carolina,0,0,0,0,0,0,6,8,17,north-carolina
/post/is-autism-overdiagnosed,1,1,0,0,0,0,4,6,4,georgia
/post/is-keir-gilchrist-autistic,1,0,1,0,0,0,2,4,2,georgia
/post/is-young-sheldon-autistic,1,0,1,0,0,0,2,4,2,georgia
/post/level-three-autism-life-expectancy,1,1,0,0,0,0,2,4,2,georgia
/post/managing-stimming-behaviors-with-aba-therapy-techniques,1,0,0,1,0,0,2,4,2,georgia
/post/marijuana-and-autism,1,1,0,0,0,0,1,3,1,georgia
/post/matching-law-aba-therapy,0,0,0,0,0,0,2,4,2,georgia
/post/medicaid-and-aba-coverage-in-nj,1,0,1,0,0,0,23,8,6,new-jersey
/post/mild-autism,1,1,0,0,0,0,2,4,2,georgia
/post/motivating-operations-in-aba,0,0,0,0,0,0,2,4,2,georgia
/post/new-mexico-autism-resources,0,0,0,0,0,0,2,4,2,georgia
/post/ocd-vs-autism,1,0,0,1,0,0,2,4,2,georgia
/post/odds-of-having-child-with-autism-by-age,1,1,0,0,0,0,4,6,4,georgia
/post/operational-definitions-in-aba,0,0,0,0,0,0,2,4,2,georgia
/post/pans-pandas-in-children-with-autism,1,0,0,1,0,0,2,4,2,georgia
/post/pica-and-autism,1,0,0,1,0,0,1,3,1,georgia
/post/play-therapy-for-autism,1,0,1,0,0,0,2,4,2,georgia
/post/pragmatism-in-aba,1,0,0,1,0,0,1,3,1,georgia
/post/ptsd-vs-autism,1,0,0,1,0,0,2,4,2,georgia
/post/raads-r-test,1,1,0,0,0,0,2,4,2,georgia
/post/rbt-certification-cost,0,0,0,0,0,0,8,4,2,new-jersey
/post/rbt-exam-study-guide,0,0,0,0,0,0,1,3,1,georgia
/post/rbt-resume,0,0,0,0,0,0,3,4,2,georgia
/post/reducing-problem-behaviors-through-aba-therapy-techniques,2,0,1,1,0,0,2,4,2,georgia
/post/registered-behavior-technician-cover-letter,0,0,0,0,0,0,1,3,1,georgia
/post/respondent-conditioning-examples-and-properties,1,0,0,1,0,0,3,5,3,georgia
/post/rett-syndrome-therapies,1,0,0,1,0,0,1,3,1,georgia
/post/safety-planning-for-problem-behaviors-in-aba-programs,1,0,1,0,0,0,2,4,2,georgia
/post/sensory-integration-therapy-for-autism,1,0,0,1,0,0,2,4,2,georgia
/post/sensory-seeking-vs-sensory-avoiding-in-children,1,0,0,1,0,0,2,4,2,georgia
/post/serotonin-and-autism,1,0,0,1,0,0,1,3,1,georgia
/post/signs-and-symptoms-of-autism-in-adults,1,1,0,0,0,0,2,4,2,georgia
/post/signs-of-autism-in-1-year-old,1,0,1,0,0,0,2,4,2,georgia
/post/signs-of-autism-in-4-year-old,1,0,1,0,0,0,3,5,3,georgia
/post/signs-of-autism-in-6-month-old,1,0,1,0,0,0,2,4,2,georgia
/post/signs-of-autism-in-9-month-old,1,0,1,0,0,0,2,4,2,georgia
/post/signs-of-autism-in-toddlers,1,0,1,0,0,0,2,4,2,georgia
/post/smart-people-with-autism,1,0,1,0,0,0,2,4,2,georgia
/post/social-validity-in-aba,1,0,0,1,0,0,2,4,2,georgia
/post/speech-apraxia-and-autism,1,0,0,1,0,0,2,4,2,georgia
/post/spell-autism-framework,0,0,0,0,0,0,4,5,2,georgia
/post/ssi-benefits-for-autistic-child,1,0,0,0,1,0,2,4,2,georgia
/post/states-for-autism,1,0,0,0,1,0,7,9,7,georgia
/post/strategies-for-increasing-motivation-in-therapy-sessions,1,0,1,0,0,0,2,4,2,georgia
/post/strategies-for-reducing-self-injurious-behaviors-in-children,2,0,1,1,0,0,2,4,2,georgia
/post/strategies-for-teaching-children-to-follow-instructions,0,0,0,0,0,0,2,4,2,georgia
/post/strategies-for-teaching-sequencing-skills,1,0,0,0,1,0,2,4,2,georgia
/post/strategies-to-improve-functional-living-skills-in-children-with-asd,2,0,0,0,2,0,2,4,2,georgia
/post/strengths-and-abilities-in-autism,1,1,0,0,0,0,2,4,2,georgia
/post/sulforaphane-treatment-autism,1,1,0,0,0,0,2,4,2,georgia
/post/supplements-and-vitamins-for-autism,1,1,0,0,0,0,2,4,2,georgia
/post/supporting-self-confidence-in-children-with-autism-through-positive-reinforcement,1,0,0,1,0,0,1,3,1,georgia
/post/supporting-your-child-s-social-development-through-behavioral-therapy,1,0,0,1,0,0,1,3,1,georgia
/post/teaching-abstract-thinking-skills-through-aba,0,0,0,0,0,0,1,3,1,georgia
/post/teaching-appropriate-boundaries-and-personal-space-to-children-with-autism,1,0,0,1,0,0,2,4,2,georgia
/post/teaching-basic-cooking-skills-to-teens-with-autism,1,0,0,0,1,0,2,4,4,georgia
/post/teaching-math-to-students-with-autism,1,0,0,0,1,0,1,3,1,georgia
/post/teaching-memory-strategies-using-aba-therapy,1,0,0,0,1,0,1,3,1,georgia
/post/teaching-reading-and-writing-skills-to-children-with-autism,0,0,0,0,0,0,2,4,2,georgia
/post/the-benefits-of-early-diagnosis-and-intervention,1,1,0,0,0,0,4,6,4,georgia
/post/the-benefits-of-inclusive-education-for-children-with-autism,1,0,1,0,0,0,2,4,3,georgia
/post/the-benefits-of-music-therapy-for-social-and-emotional-development-in-autism,1,0,0,1,0,0,1,3,1,georgia
/post/the-benefits-of-sensory-play-for-developing-emotional-awareness-in-autism,1,0,0,1,0,0,1,3,1,georgia
/post/the-benefits-of-structured-learning-environments-in-behavioral-therapy,1,0,1,0,0,0,2,4,2,georgia
/post/the-benefits-of-teaching-relaxation-techniques,0,0,0,0,0,0,2,4,2,georgia
/post/the-benefits-of-using-preference-assessments-in-therapy,0,0,0,0,0,0,2,4,2,georgia
/post/the-connection-between-emotional-regulation-and-academic-success-in-autism,1,0,0,1,0,0,1,3,1,georgia
/post/the-connection-between-language-skills-and-cognitive-development-in-asd,0,0,0,0,0,0,4,6,4,georgia
/post/the-difference-between-aba-therapy-and-other-therapies,1,1,0,0,0,0,2,4,2,georgia
/post/the-effectiveness-of-dtt-discrete-trial-training-in-aba-therapy,1,0,0,1,0,0,1,3,1,georgia
/post/the-effectiveness-of-telehealth-in-aba-therapy-services,1,0,1,0,0,0,1,3,1,georgia
/post/the-impact-of-inclusive-recreational-activities,1,0,0,1,0,0,1,3,1,georgia
/post/the-impact-of-inclusive-sports-programs,1,0,0,1,0,0,2,4,2,georgia
/post/the-impact-of-peer-modeling-on-skill-development,0,0,0,0,0,0,1,3,1,georgia
/post/the-impact-of-positive-peer-models-on-social-skills-development-in-asd,1,0,0,1,0,0,2,4,2,georgia
/post/the-impact-of-positive-reinforcement-on-long-term-behavior-change,1,0,0,1,0,0,2,4,2,georgia
/post/the-impact-of-storytelling-on-language-development,1,0,1,0,0,0,4,6,4,georgia
/post/the-impact-of-technology-on-aba-therapy-delivery,1,0,1,0,0,0,1,3,1,georgia
/post/the-impact-of-visual-schedules-on-daily-routines,0,0,0,0,0,0,2,4,4,georgia
/post/the-importance-of-building-independence-in-children-with-autism,1,0,0,0,1,0,1,3,1,georgia
/post/the-importance-of-building-trust-in-therapy-relationships,1,0,1,0,0,0,2,4,2,georgia
/post/the-importance-of-celebrating-small-successes-in-therapy,1,0,1,0,0,0,2,4,2,georgia
/post/the-importance-of-consistency-in-behavior-therapy-for-children-with-autism,1,0,1,0,0,0,1,3,1,georgia
/post/the-importance-of-creating-structured-environments-for-children-with-autism,2,1,1,0,0,0,2,4,2,georgia
/post/the-importance-of-cultural-sensitivity-in-behavior-therapy-programs,0,0,0,0,0,0,2,4,2,georgia
/post/the-importance-of-fading-prompts-in-skill-acquisition,1,1,0,0,0,0,2,4,2,georgia
/post/the-importance-of-flexibility-in-therapy-approaches,0,0,0,0,0,0,2,4,2,georgia
/post/the-importance-of-positive-reinforcement-in-therapy,1,0,0,1,0,0,2,4,2,georgia
/post/the-importance-of-reinforcing-positive-peer-interactions,1,0,1,0,0,0,2,4,2,georgia
/post/the-importance-of-shaping-in-behavior-modification,0,0,0,0,0,0,2,4,2,georgia
/post/the-importance-of-social-interaction-in-building-communication-skills,1,0,1,0,0,0,2,4,2,georgia
/post/the-importance-of-teaching-self-regulation-strategies-in-asd,1,0,0,1,0,0,1,3,1,georgia
/post/the-importance-of-teaching-turn-taking-skills-in-autism,1,0,1,0,0,0,2,4,2,georgia
/post/the-importance-of-training-staff-and-teachers-in-aba-techniques,0,0,0,0,0,0,1,3,1,georgia
/post/the-importance-of-visual-learning-tools-in-autism-education,1,0,1,0,0,0,2,4,3,georgia
/post/the-role-of-aba-therapy-in-improving-academic-skills,1,0,0,0,1,0,1,3,1,georgia
/post/the-role-of-augmentative-and-alternative-communication-in-aba,1,1,0,0,0,0,1,3,1,georgia
/post/the-role-of-behavior-modification-in-classroom-settings-for-children-with-autism,2,0,1,1,0,0,2,4,2,georgia
/post/the-role-of-emotional-intelligence-in-autism-therapy,1,0,0,1,0,0,2,4,2,georgia
/post/the-role-of-exercise-in-improving-focus-and-behavior,1,0,0,1,0,0,2,4,2,georgia
/post/the-role-of-functional-play-in-developing-critical-thinking-skills,0,0,0,0,0,0,1,3,1,georgia
/post/the-role-of-humor-in-building-connections-with-children,1,0,1,0,0,0,2,4,2,georgia
/post/the-role-of-humor-in-reducing-stress-for-caregivers,1,0,1,0,0,0,1,3,1,georgia
/post/the-role-of-joint-attention-in-language-and-social-skills-development,1,1,0,0,0,0,4,6,4,georgia
/post/the-role-of-mentorship-in-developing-social-skills,0,0,0,0,0,0,2,4,2,georgia
/post/the-role-of-motivation-in-aba-therapy,1,0,1,0,0,0,1,3,1,georgia
/post/the-role-of-observation-in-assessing-behavior,1,0,0,1,0,0,2,4,2,georgia
/post/the-role-of-peer-modeling-in-autism-therapy-programs,1,0,0,0,1,0,1,3,1,georgia
/post/the-role-of-positive-behavioral-interventions-and-supports-pbis-in-therapy,0,0,0,0,0,0,2,4,2,georgia
/post/the-role-of-reinforcement-schedules-in-aba-therapy,2,0,0,2,0,0,2,4,2,georgia
/post/the-role-of-role-playing-in-social-skills-training,0,0,0,0,0,0,2,4,2,georgia
/post/the-role-of-sensory-integration-in-autism-therapy,1,0,0,1,0,0,1,3,1,georgia
/post/the-role-of-stimulus-control-in-aba-therapy,1,0,0,1,0,0,2,4,2,georgia
/post/the-role-of-storytelling-in-enhancing-language-skills-for-autism,0,0,0,0,0,0,3,5,3,georgia
/post/the-role-of-therapy-pets-in-enhancing-emotional-regulation-in-asd,1,0,0,1,0,0,2,4,2,georgia
/post/the-role-of-visual-timers-in-managing-expectations,1,0,1,0,0,0,2,4,2,georgia
/post/theory-of-mind-autism,1,1,0,0,0,0,2,4,2,georgia
/post/therapy-for-alexithymia,1,0,0,1,0,0,2,4,2,georgia
/post/types-of-aba-assessments-parents-guide,1,0,1,0,0,0,2,4,2,georgia
/post/understanding-echolalia-and-its-role-in-autism-communication,1,1,0,0,0,0,2,4,2,georgia
/post/understanding-perseverative-behaviors-and-how-to-redirect-them-in-autism,1,0,0,1,0,0,2,4,2,georgia
/post/understanding-the-abcs-of-behavior-antecedent-behavior-consequence,1,0,0,1,0,0,2,4,2,georgia
/post/understanding-the-basics-of-applied-behavior-analysis-aba,1,1,0,0,0,0,4,6,4,georgia
/post/understanding-the-ethics-of-aba-therapy,0,0,0,0,0,0,2,4,2,georgia
/post/understanding-the-role-of-a-board-certified-behavior-analyst-bcba,1,0,0,1,0,0,2,4,2,georgia
/post/understanding-the-role-of-bcba-supervision-in-aba-programs,0,0,0,0,0,0,2,4,2,georgia
/post/understanding-the-role-of-punishment-in-aba-therapy,1,0,0,1,0,0,2,4,2,georgia
/post/understanding-the-role-of-task-analysis-in-skill-acquisition,0,0,0,0,0,0,2,4,2,georgia
/post/understanding-the-stages-of-skill-acquisition-in-aba-therapy,0,0,0,0,0,0,4,6,4,georgia
/post/understanding-the-unique-learning-styles-of-children-with-autism,1,1,0,0,0,0,1,3,1,georgia
/post/using-aba-therapy-to-develop-early-literacy-skills,1,0,0,0,1,0,1,3,1,georgia
/post/using-play-based-therapy-to-improve-social-skills-in-asd,1,0,0,1,0,0,1,3,1,georgia
/post/using-social-media-as-a-resource-for-autism-support,1,0,0,1,0,0,1,3,1,georgia
/post/using-storytelling-as-a-teaching-tool-in-therapy,1,0,0,1,0,0,2,4,2,georgia
/post/using-video-modeling-to-teach-new-skills,1,0,0,0,1,0,1,3,1,georgia
/post/virtual-autism-symptoms,1,1,0,0,0,0,1,3,1,georgia
/post/virtual-autism-therapy,1,1,0,0,0,0,1,3,1,georgia
/post/vitamin-d-and-autism,1,1,0,0,0,0,1,3,1,georgia
/post/vocal-stimming-in-autism,2,0,0,2,0,0,2,4,2,georgia
/post/what-does-overstimulation-feel-like-autism,2,0,1,1,0,0,2,4,2,georgia
/post/what-families-should-know-about-aba-therapy-ethics-and-consent,1,0,1,0,0,0,2,4,2,georgia
/post/what-happens-if-autism-is-not-treated,1,1,0,0,0,0,2,4,2,georgia
/post/what-happens-to-severely-autistic-adults,1,0,1,0,0,0,2,4,2,georgia
/post/what-is-an-iep-for-autism,3,0,1,1,1,0,9,9,7,new-jersey
/post/what-is-atypical-autism,1,0,0,1,0,0,2,4,2,georgia
/post/what-is-autism-scripting,1,0,1,0,0,0,2,4,2,georgia
/post/what-is-choice-theory,0,0,0,0,0,0,2,4,2,georgia
/post/what-is-defeat-autism-now,1,1,0,0,0,0,2,4,2,georgia
/post/what-is-lovaas-method-aba-therapy,1,0,0,1,0,0,1,3,1,georgia
/post/what-is-pervasive-developmental-disorder,2,1,0,1,0,0,2,4,2,georgia
/post/what-is-respite-care-autism,0,0,0,0,0,0,7,4,2,new-jersey
/post/what-is-the-average-iq,1,1,0,0,0,0,4,6,4,georgia
/post/what-part-of-the-brain-causes-autism,1,1,0,0,0,0,2,4,2,georgia
/post/when-to-stop-aba-therapy,1,0,1,0,0,0,1,3,1,georgia
/post/which-autism-makes-you-smart,1,1,0,0,0,0,2,4,2,georgia
/post/which-parent-carries-the-autism-gene,1,1,0,0,0,0,5,6,4,georgia
/post/who-is-qualified-to-diagnose-autism-in-adults,1,1,0,0,0,0,4,6,4,georgia
/post/why-do-autistic-people-like-sonic,1,0,1,0,0,0,2,4,2,georgia
/post/why-do-autistic-people-rock,1,0,1,0,0,0,2,4,2,georgia
/post/why-people-with-autism-are-smart,1,0,1,0,0,0,2,4,2,georgia
